870,"[0, 147, 2582, 2669, 2670, 2671]"
0,"[0, 1, 2, 3, 4, 5]"
871,"[1, 6, 2583, 2585, 2671, 2672]"
29,"[2, 143, 146, 147, 148, 149]"
1,"[3, 6, 7, 8, 9, 10]"
30,"[4, 149, 150, 151, 152, 153]"
31,"[5, 9, 151, 154, 155, 156]"
872,"[7, 11, 2586, 2588, 2672, 2673]"
2,"[8, 11, 12, 13, 14, 15]"
32,"[10, 14, 154, 157, 158, 159]"
873,"[12, 16, 2589, 2591, 2673, 2674]"
3,"[13, 16, 17, 18, 19, 20]"
33,"[15, 19, 157, 160, 161, 162]"
874,"[17, 21, 2592, 2594, 2674, 2675]"
4,"[18, 21, 22, 23, 24, 25]"
34,"[20, 24, 160, 163, 164, 165]"
875,"[22, 26, 2595, 2597, 2675, 2676]"
5,"[23, 26, 27, 28, 29, 30]"
35,"[25, 29, 163, 166, 167, 168]"
876,"[27, 31, 2598, 2600, 2676, 2677]"
6,"[28, 31, 32, 33, 34, 35]"
36,"[30, 34, 166, 169, 170, 171]"
877,"[32, 36, 2601, 2603, 2677, 2678]"
7,"[33, 36, 37, 38, 39, 40]"
37,"[35, 39, 169, 172, 173, 174]"
878,"[37, 41, 2604, 2606, 2678, 2679]"
8,"[38, 41, 42, 43, 44, 45]"
38,"[40, 44, 172, 175, 176, 177]"
879,"[42, 46, 2607, 2609, 2679, 2680]"
9,"[43, 46, 47, 48, 49, 50]"
39,"[45, 49, 175, 178, 179, 180]"
880,"[47, 51, 2610, 2612, 2680, 2681]"
10,"[48, 51, 52, 53, 54, 55]"
40,"[50, 54, 178, 181, 182, 183]"
881,"[52, 56, 2613, 2615, 2681, 2682]"
11,"[53, 56, 57, 58, 59, 60]"
41,"[55, 59, 181, 184, 185, 186]"
882,"[57, 61, 2616, 2618, 2682, 2683]"
12,"[58, 61, 62, 63, 64, 65]"
42,"[60, 64, 184, 187, 188, 189]"
883,"[62, 66, 2619, 2621, 2683, 2684]"
13,"[63, 66, 67, 68, 69, 70]"
43,"[65, 69, 187, 190, 191, 192]"
884,"[67, 71, 2622, 2624, 2684, 2685]"
14,"[68, 71, 72, 73, 74, 75]"
44,"[70, 74, 190, 193, 194, 195]"
885,"[72, 76, 2625, 2627, 2685, 2686]"
15,"[73, 76, 77, 78, 79, 80]"
45,"[75, 79, 193, 196, 197, 198]"
886,"[77, 81, 2628, 2630, 2686, 2687]"
16,"[78, 81, 82, 83, 84, 85]"
46,"[80, 84, 196, 199, 200, 201]"
887,"[82, 86, 2631, 2633, 2687, 2688]"
17,"[83, 86, 87, 88, 89, 90]"
47,"[85, 89, 199, 202, 203, 204]"
888,"[87, 91, 2634, 2636, 2688, 2689]"
18,"[88, 91, 92, 93, 94, 95]"
48,"[90, 94, 202, 205, 206, 207]"
889,"[92, 96, 2637, 2639, 2689, 2690]"
19,"[93, 96, 97, 98, 99, 100]"
49,"[95, 99, 205, 208, 209, 210]"
890,"[97, 101, 2640, 2642, 2690, 2691]"
20,"[98, 101, 102, 103, 104, 105]"
50,"[100, 104, 208, 211, 212, 213]"
891,"[102, 106, 2643, 2645, 2691, 2692]"
21,"[103, 106, 107, 108, 109, 110]"
51,"[105, 109, 211, 214, 215, 216]"
892,"[107, 111, 2646, 2648, 2692, 2693]"
22,"[108, 111, 112, 113, 114, 115]"
52,"[110, 114, 214, 217, 218, 219]"
893,"[112, 116, 2649, 2651, 2693, 2694]"
23,"[113, 116, 117, 118, 119, 120]"
53,"[115, 119, 217, 220, 221, 222]"
894,"[117, 121, 2652, 2654, 2694, 2695]"
24,"[118, 121, 122, 123, 124, 125]"
54,"[120, 124, 220, 223, 224, 225]"
895,"[122, 126, 2655, 2657, 2695, 2696]"
25,"[123, 126, 127, 128, 129, 130]"
55,"[125, 129, 223, 226, 227, 228]"
896,"[127, 131, 2658, 2660, 2696, 2697]"
26,"[128, 131, 132, 133, 134, 135]"
56,"[130, 134, 226, 229, 230, 231]"
897,"[132, 136, 2661, 2663, 2697, 2698]"
27,"[133, 136, 137, 138, 139, 140]"
57,"[135, 139, 229, 232, 233, 234]"
898,"[137, 141, 2664, 2666, 2698, 2699]"
28,"[138, 141, 142, 143, 144, 145]"
58,"[140, 144, 232, 235, 236, 237]"
899,"[142, 146, 2667, 2668, 2670, 2699]"
59,"[145, 148, 150, 235, 238, 239]"
89,"[152, 239, 240, 325, 328, 329]"
60,"[153, 155, 240, 241, 242, 243]"
61,"[156, 158, 241, 244, 245, 246]"
62,"[159, 161, 244, 247, 248, 249]"
63,"[162, 164, 247, 250, 251, 252]"
64,"[165, 167, 250, 253, 254, 255]"
65,"[168, 170, 253, 256, 257, 258]"
66,"[171, 173, 256, 259, 260, 261]"
67,"[174, 176, 259, 262, 263, 264]"
68,"[177, 179, 262, 265, 266, 267]"
69,"[180, 182, 265, 268, 269, 270]"
70,"[183, 185, 268, 271, 272, 273]"
71,"[186, 188, 271, 274, 275, 276]"
72,"[189, 191, 274, 277, 278, 279]"
73,"[192, 194, 277, 280, 281, 282]"
74,"[195, 197, 280, 283, 284, 285]"
75,"[198, 200, 283, 286, 287, 288]"
76,"[201, 203, 286, 289, 290, 291]"
77,"[204, 206, 289, 292, 293, 294]"
78,"[207, 209, 292, 295, 296, 297]"
79,"[210, 212, 295, 298, 299, 300]"
80,"[213, 215, 298, 301, 302, 303]"
81,"[216, 218, 301, 304, 305, 306]"
82,"[219, 221, 304, 307, 308, 309]"
83,"[222, 224, 307, 310, 311, 312]"
84,"[225, 227, 310, 313, 314, 315]"
85,"[228, 230, 313, 316, 317, 318]"
86,"[231, 233, 316, 319, 320, 321]"
87,"[234, 236, 319, 322, 323, 324]"
88,"[237, 238, 322, 325, 326, 327]"
90,"[242, 329, 330, 331, 332, 333]"
91,"[243, 245, 331, 334, 335, 336]"
92,"[246, 248, 334, 337, 338, 339]"
93,"[249, 251, 337, 340, 341, 342]"
94,"[252, 254, 340, 343, 344, 345]"
95,"[255, 257, 343, 346, 347, 348]"
96,"[258, 260, 346, 349, 350, 351]"
97,"[261, 263, 349, 352, 353, 354]"
98,"[264, 266, 352, 355, 356, 357]"
99,"[267, 269, 355, 358, 359, 360]"
100,"[270, 272, 358, 361, 362, 363]"
101,"[273, 275, 361, 364, 365, 366]"
102,"[276, 278, 364, 367, 368, 369]"
103,"[279, 281, 367, 370, 371, 372]"
104,"[282, 284, 370, 373, 374, 375]"
105,"[285, 287, 373, 376, 377, 378]"
106,"[288, 290, 376, 379, 380, 381]"
107,"[291, 293, 379, 382, 383, 384]"
108,"[294, 296, 382, 385, 386, 387]"
109,"[297, 299, 385, 388, 389, 390]"
110,"[300, 302, 388, 391, 392, 393]"
111,"[303, 305, 391, 394, 395, 396]"
112,"[306, 308, 394, 397, 398, 399]"
113,"[309, 311, 397, 400, 401, 402]"
114,"[312, 314, 400, 403, 404, 405]"
115,"[315, 317, 403, 406, 407, 408]"
116,"[318, 320, 406, 409, 410, 411]"
117,"[321, 323, 409, 412, 413, 414]"
118,"[324, 326, 412, 415, 416, 417]"
119,"[327, 328, 330, 415, 418, 419]"
149,"[332, 419, 420, 505, 508, 509]"
120,"[333, 335, 420, 421, 422, 423]"
121,"[336, 338, 421, 424, 425, 426]"
122,"[339, 341, 424, 427, 428, 429]"
123,"[342, 344, 427, 430, 431, 432]"
124,"[345, 347, 430, 433, 434, 435]"
125,"[348, 350, 433, 436, 437, 438]"
126,"[351, 353, 436, 439, 440, 441]"
127,"[354, 356, 439, 442, 443, 444]"
128,"[357, 359, 442, 445, 446, 447]"
129,"[360, 362, 445, 448, 449, 450]"
130,"[363, 365, 448, 451, 452, 453]"
131,"[366, 368, 451, 454, 455, 456]"
132,"[369, 371, 454, 457, 458, 459]"
133,"[372, 374, 457, 460, 461, 462]"
134,"[375, 377, 460, 463, 464, 465]"
135,"[378, 380, 463, 466, 467, 468]"
136,"[381, 383, 466, 469, 470, 471]"
137,"[384, 386, 469, 472, 473, 474]"
138,"[387, 389, 472, 475, 476, 477]"
139,"[390, 392, 475, 478, 479, 480]"
140,"[393, 395, 478, 481, 482, 483]"
141,"[396, 398, 481, 484, 485, 486]"
142,"[399, 401, 484, 487, 488, 489]"
143,"[402, 404, 487, 490, 491, 492]"
144,"[405, 407, 490, 493, 494, 495]"
145,"[408, 410, 493, 496, 497, 498]"
146,"[411, 413, 496, 499, 500, 501]"
147,"[414, 416, 499, 502, 503, 504]"
148,"[417, 418, 502, 505, 506, 507]"
150,"[422, 509, 510, 511, 512, 513]"
151,"[423, 425, 511, 514, 515, 516]"
152,"[426, 428, 514, 517, 518, 519]"
153,"[429, 431, 517, 520, 521, 522]"
154,"[432, 434, 520, 523, 524, 525]"
155,"[435, 437, 523, 526, 527, 528]"
156,"[438, 440, 526, 529, 530, 531]"
157,"[441, 443, 529, 532, 533, 534]"
158,"[444, 446, 532, 535, 536, 537]"
159,"[447, 449, 535, 538, 539, 540]"
160,"[450, 452, 538, 541, 542, 543]"
161,"[453, 455, 541, 544, 545, 546]"
162,"[456, 458, 544, 547, 548, 549]"
163,"[459, 461, 547, 550, 551, 552]"
164,"[462, 464, 550, 553, 554, 555]"
165,"[465, 467, 553, 556, 557, 558]"
166,"[468, 470, 556, 559, 560, 561]"
167,"[471, 473, 559, 562, 563, 564]"
168,"[474, 476, 562, 565, 566, 567]"
169,"[477, 479, 565, 568, 569, 570]"
170,"[480, 482, 568, 571, 572, 573]"
171,"[483, 485, 571, 574, 575, 576]"
172,"[486, 488, 574, 577, 578, 579]"
173,"[489, 491, 577, 580, 581, 582]"
174,"[492, 494, 580, 583, 584, 585]"
175,"[495, 497, 583, 586, 587, 588]"
176,"[498, 500, 586, 589, 590, 591]"
177,"[501, 503, 589, 592, 593, 594]"
178,"[504, 506, 592, 595, 596, 597]"
179,"[507, 508, 510, 595, 598, 599]"
209,"[512, 599, 600, 685, 688, 689]"
180,"[513, 515, 600, 601, 602, 603]"
181,"[516, 518, 601, 604, 605, 606]"
182,"[519, 521, 604, 607, 608, 609]"
183,"[522, 524, 607, 610, 611, 612]"
184,"[525, 527, 610, 613, 614, 615]"
185,"[528, 530, 613, 616, 617, 618]"
186,"[531, 533, 616, 619, 620, 621]"
187,"[534, 536, 619, 622, 623, 624]"
188,"[537, 539, 622, 625, 626, 627]"
189,"[540, 542, 625, 628, 629, 630]"
190,"[543, 545, 628, 631, 632, 633]"
191,"[546, 548, 631, 634, 635, 636]"
192,"[549, 551, 634, 637, 638, 639]"
193,"[552, 554, 637, 640, 641, 642]"
194,"[555, 557, 640, 643, 644, 645]"
195,"[558, 560, 643, 646, 647, 648]"
196,"[561, 563, 646, 649, 650, 651]"
197,"[564, 566, 649, 652, 653, 654]"
198,"[567, 569, 652, 655, 656, 657]"
199,"[570, 572, 655, 658, 659, 660]"
200,"[573, 575, 658, 661, 662, 663]"
201,"[576, 578, 661, 664, 665, 666]"
202,"[579, 581, 664, 667, 668, 669]"
203,"[582, 584, 667, 670, 671, 672]"
204,"[585, 587, 670, 673, 674, 675]"
205,"[588, 590, 673, 676, 677, 678]"
206,"[591, 593, 676, 679, 680, 681]"
207,"[594, 596, 679, 682, 683, 684]"
208,"[597, 598, 682, 685, 686, 687]"
210,"[602, 689, 690, 691, 692, 693]"
211,"[603, 605, 691, 694, 695, 696]"
212,"[606, 608, 694, 697, 698, 699]"
213,"[609, 611, 697, 700, 701, 702]"
214,"[612, 614, 700, 703, 704, 705]"
215,"[615, 617, 703, 706, 707, 708]"
216,"[618, 620, 706, 709, 710, 711]"
217,"[621, 623, 709, 712, 713, 714]"
218,"[624, 626, 712, 715, 716, 717]"
219,"[627, 629, 715, 718, 719, 720]"
220,"[630, 632, 718, 721, 722, 723]"
221,"[633, 635, 721, 724, 725, 726]"
222,"[636, 638, 724, 727, 728, 729]"
223,"[639, 641, 727, 730, 731, 732]"
224,"[642, 644, 730, 733, 734, 735]"
225,"[645, 647, 733, 736, 737, 738]"
226,"[648, 650, 736, 739, 740, 741]"
227,"[651, 653, 739, 742, 743, 744]"
228,"[654, 656, 742, 745, 746, 747]"
229,"[657, 659, 745, 748, 749, 750]"
230,"[660, 662, 748, 751, 752, 753]"
231,"[663, 665, 751, 754, 755, 756]"
232,"[666, 668, 754, 757, 758, 759]"
233,"[669, 671, 757, 760, 761, 762]"
234,"[672, 674, 760, 763, 764, 765]"
235,"[675, 677, 763, 766, 767, 768]"
236,"[678, 680, 766, 769, 770, 771]"
237,"[681, 683, 769, 772, 773, 774]"
238,"[684, 686, 772, 775, 776, 777]"
239,"[687, 688, 690, 775, 778, 779]"
269,"[692, 779, 780, 865, 868, 869]"
240,"[693, 695, 780, 781, 782, 783]"
241,"[696, 698, 781, 784, 785, 786]"
242,"[699, 701, 784, 787, 788, 789]"
243,"[702, 704, 787, 790, 791, 792]"
244,"[705, 707, 790, 793, 794, 795]"
245,"[708, 710, 793, 796, 797, 798]"
246,"[711, 713, 796, 799, 800, 801]"
247,"[714, 716, 799, 802, 803, 804]"
248,"[717, 719, 802, 805, 806, 807]"
249,"[720, 722, 805, 808, 809, 810]"
250,"[723, 725, 808, 811, 812, 813]"
251,"[726, 728, 811, 814, 815, 816]"
252,"[729, 731, 814, 817, 818, 819]"
253,"[732, 734, 817, 820, 821, 822]"
254,"[735, 737, 820, 823, 824, 825]"
255,"[738, 740, 823, 826, 827, 828]"
256,"[741, 743, 826, 829, 830, 831]"
257,"[744, 746, 829, 832, 833, 834]"
258,"[747, 749, 832, 835, 836, 837]"
259,"[750, 752, 835, 838, 839, 840]"
260,"[753, 755, 838, 841, 842, 843]"
261,"[756, 758, 841, 844, 845, 846]"
262,"[759, 761, 844, 847, 848, 849]"
263,"[762, 764, 847, 850, 851, 852]"
264,"[765, 767, 850, 853, 854, 855]"
265,"[768, 770, 853, 856, 857, 858]"
266,"[771, 773, 856, 859, 860, 861]"
267,"[774, 776, 859, 862, 863, 864]"
268,"[777, 778, 862, 865, 866, 867]"
270,"[782, 869, 870, 871, 872, 873]"
271,"[783, 785, 871, 874, 875, 876]"
272,"[786, 788, 874, 877, 878, 879]"
273,"[789, 791, 877, 880, 881, 882]"
274,"[792, 794, 880, 883, 884, 885]"
275,"[795, 797, 883, 886, 887, 888]"
276,"[798, 800, 886, 889, 890, 891]"
277,"[801, 803, 889, 892, 893, 894]"
278,"[804, 806, 892, 895, 896, 897]"
279,"[807, 809, 895, 898, 899, 900]"
280,"[810, 812, 898, 901, 902, 903]"
281,"[813, 815, 901, 904, 905, 906]"
282,"[816, 818, 904, 907, 908, 909]"
283,"[819, 821, 907, 910, 911, 912]"
284,"[822, 824, 910, 913, 914, 915]"
285,"[825, 827, 913, 916, 917, 918]"
286,"[828, 830, 916, 919, 920, 921]"
287,"[831, 833, 919, 922, 923, 924]"
288,"[834, 836, 922, 925, 926, 927]"
289,"[837, 839, 925, 928, 929, 930]"
290,"[840, 842, 928, 931, 932, 933]"
291,"[843, 845, 931, 934, 935, 936]"
292,"[846, 848, 934, 937, 938, 939]"
293,"[849, 851, 937, 940, 941, 942]"
294,"[852, 854, 940, 943, 944, 945]"
295,"[855, 857, 943, 946, 947, 948]"
296,"[858, 860, 946, 949, 950, 951]"
297,"[861, 863, 949, 952, 953, 954]"
298,"[864, 866, 952, 955, 956, 957]"
299,"[867, 868, 870, 955, 958, 959]"
329,"[872, 959, 960, 1045, 1048, 1049]"
300,"[873, 875, 960, 961, 962, 963]"
301,"[876, 878, 961, 964, 965, 966]"
302,"[879, 881, 964, 967, 968, 969]"
303,"[882, 884, 967, 970, 971, 972]"
304,"[885, 887, 970, 973, 974, 975]"
305,"[888, 890, 973, 976, 977, 978]"
306,"[891, 893, 976, 979, 980, 981]"
307,"[894, 896, 979, 982, 983, 984]"
308,"[897, 899, 982, 985, 986, 987]"
309,"[900, 902, 985, 988, 989, 990]"
310,"[903, 905, 988, 991, 992, 993]"
311,"[906, 908, 991, 994, 995, 996]"
312,"[909, 911, 994, 997, 998, 999]"
313,"[912, 914, 997, 1000, 1001, 1002]"
314,"[915, 917, 1000, 1003, 1004, 1005]"
315,"[918, 920, 1003, 1006, 1007, 1008]"
316,"[921, 923, 1006, 1009, 1010, 1011]"
317,"[924, 926, 1009, 1012, 1013, 1014]"
318,"[927, 929, 1012, 1015, 1016, 1017]"
319,"[930, 932, 1015, 1018, 1019, 1020]"
320,"[933, 935, 1018, 1021, 1022, 1023]"
321,"[936, 938, 1021, 1024, 1025, 1026]"
322,"[939, 941, 1024, 1027, 1028, 1029]"
323,"[942, 944, 1027, 1030, 1031, 1032]"
324,"[945, 947, 1030, 1033, 1034, 1035]"
325,"[948, 950, 1033, 1036, 1037, 1038]"
326,"[951, 953, 1036, 1039, 1040, 1041]"
327,"[954, 956, 1039, 1042, 1043, 1044]"
328,"[957, 958, 1042, 1045, 1046, 1047]"
330,"[962, 1049, 1050, 1051, 1052, 1053]"
331,"[963, 965, 1051, 1054, 1055, 1056]"
332,"[966, 968, 1054, 1057, 1058, 1059]"
333,"[969, 971, 1057, 1060, 1061, 1062]"
334,"[972, 974, 1060, 1063, 1064, 1065]"
335,"[975, 977, 1063, 1066, 1067, 1068]"
336,"[978, 980, 1066, 1069, 1070, 1071]"
337,"[981, 983, 1069, 1072, 1073, 1074]"
338,"[984, 986, 1072, 1075, 1076, 1077]"
339,"[987, 989, 1075, 1078, 1079, 1080]"
340,"[990, 992, 1078, 1081, 1082, 1083]"
341,"[993, 995, 1081, 1084, 1085, 1086]"
342,"[996, 998, 1084, 1087, 1088, 1089]"
343,"[999, 1001, 1087, 1090, 1091, 1092]"
344,"[1002, 1004, 1090, 1093, 1094, 1095]"
345,"[1005, 1007, 1093, 1096, 1097, 1098]"
346,"[1008, 1010, 1096, 1099, 1100, 1101]"
347,"[1011, 1013, 1099, 1102, 1103, 1104]"
348,"[1014, 1016, 1102, 1105, 1106, 1107]"
349,"[1017, 1019, 1105, 1108, 1109, 1110]"
350,"[1020, 1022, 1108, 1111, 1112, 1113]"
351,"[1023, 1025, 1111, 1114, 1115, 1116]"
352,"[1026, 1028, 1114, 1117, 1118, 1119]"
353,"[1029, 1031, 1117, 1120, 1121, 1122]"
354,"[1032, 1034, 1120, 1123, 1124, 1125]"
355,"[1035, 1037, 1123, 1126, 1127, 1128]"
356,"[1038, 1040, 1126, 1129, 1130, 1131]"
357,"[1041, 1043, 1129, 1132, 1133, 1134]"
358,"[1044, 1046, 1132, 1135, 1136, 1137]"
359,"[1047, 1048, 1050, 1135, 1138, 1139]"
389,"[1052, 1139, 1140, 1225, 1228, 1229]"
360,"[1053, 1055, 1140, 1141, 1142, 1143]"
361,"[1056, 1058, 1141, 1144, 1145, 1146]"
362,"[1059, 1061, 1144, 1147, 1148, 1149]"
363,"[1062, 1064, 1147, 1150, 1151, 1152]"
364,"[1065, 1067, 1150, 1153, 1154, 1155]"
365,"[1068, 1070, 1153, 1156, 1157, 1158]"
366,"[1071, 1073, 1156, 1159, 1160, 1161]"
367,"[1074, 1076, 1159, 1162, 1163, 1164]"
368,"[1077, 1079, 1162, 1165, 1166, 1167]"
369,"[1080, 1082, 1165, 1168, 1169, 1170]"
370,"[1083, 1085, 1168, 1171, 1172, 1173]"
371,"[1086, 1088, 1171, 1174, 1175, 1176]"
372,"[1089, 1091, 1174, 1177, 1178, 1179]"
373,"[1092, 1094, 1177, 1180, 1181, 1182]"
374,"[1095, 1097, 1180, 1183, 1184, 1185]"
375,"[1098, 1100, 1183, 1186, 1187, 1188]"
376,"[1101, 1103, 1186, 1189, 1190, 1191]"
377,"[1104, 1106, 1189, 1192, 1193, 1194]"
378,"[1107, 1109, 1192, 1195, 1196, 1197]"
379,"[1110, 1112, 1195, 1198, 1199, 1200]"
380,"[1113, 1115, 1198, 1201, 1202, 1203]"
381,"[1116, 1118, 1201, 1204, 1205, 1206]"
382,"[1119, 1121, 1204, 1207, 1208, 1209]"
383,"[1122, 1124, 1207, 1210, 1211, 1212]"
384,"[1125, 1127, 1210, 1213, 1214, 1215]"
385,"[1128, 1130, 1213, 1216, 1217, 1218]"
386,"[1131, 1133, 1216, 1219, 1220, 1221]"
387,"[1134, 1136, 1219, 1222, 1223, 1224]"
388,"[1137, 1138, 1222, 1225, 1226, 1227]"
390,"[1142, 1229, 1230, 1231, 1232, 1233]"
391,"[1143, 1145, 1231, 1234, 1235, 1236]"
392,"[1146, 1148, 1234, 1237, 1238, 1239]"
393,"[1149, 1151, 1237, 1240, 1241, 1242]"
394,"[1152, 1154, 1240, 1243, 1244, 1245]"
395,"[1155, 1157, 1243, 1246, 1247, 1248]"
396,"[1158, 1160, 1246, 1249, 1250, 1251]"
397,"[1161, 1163, 1249, 1252, 1253, 1254]"
398,"[1164, 1166, 1252, 1255, 1256, 1257]"
399,"[1167, 1169, 1255, 1258, 1259, 1260]"
400,"[1170, 1172, 1258, 1261, 1262, 1263]"
401,"[1173, 1175, 1261, 1264, 1265, 1266]"
402,"[1176, 1178, 1264, 1267, 1268, 1269]"
403,"[1179, 1181, 1267, 1270, 1271, 1272]"
404,"[1182, 1184, 1270, 1273, 1274, 1275]"
405,"[1185, 1187, 1273, 1276, 1277, 1278]"
406,"[1188, 1190, 1276, 1279, 1280, 1281]"
407,"[1191, 1193, 1279, 1282, 1283, 1284]"
408,"[1194, 1196, 1282, 1285, 1286, 1287]"
409,"[1197, 1199, 1285, 1288, 1289, 1290]"
410,"[1200, 1202, 1288, 1291, 1292, 1293]"
411,"[1203, 1205, 1291, 1294, 1295, 1296]"
412,"[1206, 1208, 1294, 1297, 1298, 1299]"
413,"[1209, 1211, 1297, 1300, 1301, 1302]"
414,"[1212, 1214, 1300, 1303, 1304, 1305]"
415,"[1215, 1217, 1303, 1306, 1307, 1308]"
416,"[1218, 1220, 1306, 1309, 1310, 1311]"
417,"[1221, 1223, 1309, 1312, 1313, 1314]"
418,"[1224, 1226, 1312, 1315, 1316, 1317]"
419,"[1227, 1228, 1230, 1315, 1318, 1319]"
449,"[1232, 1319, 1320, 1405, 1408, 1409]"
420,"[1233, 1235, 1320, 1321, 1322, 1323]"
421,"[1236, 1238, 1321, 1324, 1325, 1326]"
422,"[1239, 1241, 1324, 1327, 1328, 1329]"
423,"[1242, 1244, 1327, 1330, 1331, 1332]"
424,"[1245, 1247, 1330, 1333, 1334, 1335]"
425,"[1248, 1250, 1333, 1336, 1337, 1338]"
426,"[1251, 1253, 1336, 1339, 1340, 1341]"
427,"[1254, 1256, 1339, 1342, 1343, 1344]"
428,"[1257, 1259, 1342, 1345, 1346, 1347]"
429,"[1260, 1262, 1345, 1348, 1349, 1350]"
430,"[1263, 1265, 1348, 1351, 1352, 1353]"
431,"[1266, 1268, 1351, 1354, 1355, 1356]"
432,"[1269, 1271, 1354, 1357, 1358, 1359]"
433,"[1272, 1274, 1357, 1360, 1361, 1362]"
434,"[1275, 1277, 1360, 1363, 1364, 1365]"
435,"[1278, 1280, 1363, 1366, 1367, 1368]"
436,"[1281, 1283, 1366, 1369, 1370, 1371]"
437,"[1284, 1286, 1369, 1372, 1373, 1374]"
438,"[1287, 1289, 1372, 1375, 1376, 1377]"
439,"[1290, 1292, 1375, 1378, 1379, 1380]"
440,"[1293, 1295, 1378, 1381, 1382, 1383]"
441,"[1296, 1298, 1381, 1384, 1385, 1386]"
442,"[1299, 1301, 1384, 1387, 1388, 1389]"
443,"[1302, 1304, 1387, 1390, 1391, 1392]"
444,"[1305, 1307, 1390, 1393, 1394, 1395]"
445,"[1308, 1310, 1393, 1396, 1397, 1398]"
446,"[1311, 1313, 1396, 1399, 1400, 1401]"
447,"[1314, 1316, 1399, 1402, 1403, 1404]"
448,"[1317, 1318, 1402, 1405, 1406, 1407]"
450,"[1322, 1409, 1410, 1411, 1412, 1413]"
451,"[1323, 1325, 1411, 1414, 1415, 1416]"
452,"[1326, 1328, 1414, 1417, 1418, 1419]"
453,"[1329, 1331, 1417, 1420, 1421, 1422]"
454,"[1332, 1334, 1420, 1423, 1424, 1425]"
455,"[1335, 1337, 1423, 1426, 1427, 1428]"
456,"[1338, 1340, 1426, 1429, 1430, 1431]"
457,"[1341, 1343, 1429, 1432, 1433, 1434]"
458,"[1344, 1346, 1432, 1435, 1436, 1437]"
459,"[1347, 1349, 1435, 1438, 1439, 1440]"
460,"[1350, 1352, 1438, 1441, 1442, 1443]"
461,"[1353, 1355, 1441, 1444, 1445, 1446]"
462,"[1356, 1358, 1444, 1447, 1448, 1449]"
463,"[1359, 1361, 1447, 1450, 1451, 1452]"
464,"[1362, 1364, 1450, 1453, 1454, 1455]"
465,"[1365, 1367, 1453, 1456, 1457, 1458]"
466,"[1368, 1370, 1456, 1459, 1460, 1461]"
467,"[1371, 1373, 1459, 1462, 1463, 1464]"
468,"[1374, 1376, 1462, 1465, 1466, 1467]"
469,"[1377, 1379, 1465, 1468, 1469, 1470]"
470,"[1380, 1382, 1468, 1471, 1472, 1473]"
471,"[1383, 1385, 1471, 1474, 1475, 1476]"
472,"[1386, 1388, 1474, 1477, 1478, 1479]"
473,"[1389, 1391, 1477, 1480, 1481, 1482]"
474,"[1392, 1394, 1480, 1483, 1484, 1485]"
475,"[1395, 1397, 1483, 1486, 1487, 1488]"
476,"[1398, 1400, 1486, 1489, 1490, 1491]"
477,"[1401, 1403, 1489, 1492, 1493, 1494]"
478,"[1404, 1406, 1492, 1495, 1496, 1497]"
479,"[1407, 1408, 1410, 1495, 1498, 1499]"
509,"[1412, 1499, 1500, 1585, 1588, 1589]"
480,"[1413, 1415, 1500, 1501, 1502, 1503]"
481,"[1416, 1418, 1501, 1504, 1505, 1506]"
482,"[1419, 1421, 1504, 1507, 1508, 1509]"
483,"[1422, 1424, 1507, 1510, 1511, 1512]"
484,"[1425, 1427, 1510, 1513, 1514, 1515]"
485,"[1428, 1430, 1513, 1516, 1517, 1518]"
486,"[1431, 1433, 1516, 1519, 1520, 1521]"
487,"[1434, 1436, 1519, 1522, 1523, 1524]"
488,"[1437, 1439, 1522, 1525, 1526, 1527]"
489,"[1440, 1442, 1525, 1528, 1529, 1530]"
490,"[1443, 1445, 1528, 1531, 1532, 1533]"
491,"[1446, 1448, 1531, 1534, 1535, 1536]"
492,"[1449, 1451, 1534, 1537, 1538, 1539]"
493,"[1452, 1454, 1537, 1540, 1541, 1542]"
494,"[1455, 1457, 1540, 1543, 1544, 1545]"
495,"[1458, 1460, 1543, 1546, 1547, 1548]"
496,"[1461, 1463, 1546, 1549, 1550, 1551]"
497,"[1464, 1466, 1549, 1552, 1553, 1554]"
498,"[1467, 1469, 1552, 1555, 1556, 1557]"
499,"[1470, 1472, 1555, 1558, 1559, 1560]"
500,"[1473, 1475, 1558, 1561, 1562, 1563]"
501,"[1476, 1478, 1561, 1564, 1565, 1566]"
502,"[1479, 1481, 1564, 1567, 1568, 1569]"
503,"[1482, 1484, 1567, 1570, 1571, 1572]"
504,"[1485, 1487, 1570, 1573, 1574, 1575]"
505,"[1488, 1490, 1573, 1576, 1577, 1578]"
506,"[1491, 1493, 1576, 1579, 1580, 1581]"
507,"[1494, 1496, 1579, 1582, 1583, 1584]"
508,"[1497, 1498, 1582, 1585, 1586, 1587]"
510,"[1502, 1589, 1590, 1591, 1592, 1593]"
511,"[1503, 1505, 1591, 1594, 1595, 1596]"
512,"[1506, 1508, 1594, 1597, 1598, 1599]"
513,"[1509, 1511, 1597, 1600, 1601, 1602]"
514,"[1512, 1514, 1600, 1603, 1604, 1605]"
515,"[1515, 1517, 1603, 1606, 1607, 1608]"
516,"[1518, 1520, 1606, 1609, 1610, 1611]"
517,"[1521, 1523, 1609, 1612, 1613, 1614]"
518,"[1524, 1526, 1612, 1615, 1616, 1617]"
519,"[1527, 1529, 1615, 1618, 1619, 1620]"
520,"[1530, 1532, 1618, 1621, 1622, 1623]"
521,"[1533, 1535, 1621, 1624, 1625, 1626]"
522,"[1536, 1538, 1624, 1627, 1628, 1629]"
523,"[1539, 1541, 1627, 1630, 1631, 1632]"
524,"[1542, 1544, 1630, 1633, 1634, 1635]"
525,"[1545, 1547, 1633, 1636, 1637, 1638]"
526,"[1548, 1550, 1636, 1639, 1640, 1641]"
527,"[1551, 1553, 1639, 1642, 1643, 1644]"
528,"[1554, 1556, 1642, 1645, 1646, 1647]"
529,"[1557, 1559, 1645, 1648, 1649, 1650]"
530,"[1560, 1562, 1648, 1651, 1652, 1653]"
531,"[1563, 1565, 1651, 1654, 1655, 1656]"
532,"[1566, 1568, 1654, 1657, 1658, 1659]"
533,"[1569, 1571, 1657, 1660, 1661, 1662]"
534,"[1572, 1574, 1660, 1663, 1664, 1665]"
535,"[1575, 1577, 1663, 1666, 1667, 1668]"
536,"[1578, 1580, 1666, 1669, 1670, 1671]"
537,"[1581, 1583, 1669, 1672, 1673, 1674]"
538,"[1584, 1586, 1672, 1675, 1676, 1677]"
539,"[1587, 1588, 1590, 1675, 1678, 1679]"
569,"[1592, 1679, 1680, 1765, 1768, 1769]"
540,"[1593, 1595, 1680, 1681, 1682, 1683]"
541,"[1596, 1598, 1681, 1684, 1685, 1686]"
542,"[1599, 1601, 1684, 1687, 1688, 1689]"
543,"[1602, 1604, 1687, 1690, 1691, 1692]"
544,"[1605, 1607, 1690, 1693, 1694, 1695]"
545,"[1608, 1610, 1693, 1696, 1697, 1698]"
546,"[1611, 1613, 1696, 1699, 1700, 1701]"
547,"[1614, 1616, 1699, 1702, 1703, 1704]"
548,"[1617, 1619, 1702, 1705, 1706, 1707]"
549,"[1620, 1622, 1705, 1708, 1709, 1710]"
550,"[1623, 1625, 1708, 1711, 1712, 1713]"
551,"[1626, 1628, 1711, 1714, 1715, 1716]"
552,"[1629, 1631, 1714, 1717, 1718, 1719]"
553,"[1632, 1634, 1717, 1720, 1721, 1722]"
554,"[1635, 1637, 1720, 1723, 1724, 1725]"
555,"[1638, 1640, 1723, 1726, 1727, 1728]"
556,"[1641, 1643, 1726, 1729, 1730, 1731]"
557,"[1644, 1646, 1729, 1732, 1733, 1734]"
558,"[1647, 1649, 1732, 1735, 1736, 1737]"
559,"[1650, 1652, 1735, 1738, 1739, 1740]"
560,"[1653, 1655, 1738, 1741, 1742, 1743]"
561,"[1656, 1658, 1741, 1744, 1745, 1746]"
562,"[1659, 1661, 1744, 1747, 1748, 1749]"
563,"[1662, 1664, 1747, 1750, 1751, 1752]"
564,"[1665, 1667, 1750, 1753, 1754, 1755]"
565,"[1668, 1670, 1753, 1756, 1757, 1758]"
566,"[1671, 1673, 1756, 1759, 1760, 1761]"
567,"[1674, 1676, 1759, 1762, 1763, 1764]"
568,"[1677, 1678, 1762, 1765, 1766, 1767]"
570,"[1682, 1769, 1770, 1771, 1772, 1773]"
571,"[1683, 1685, 1771, 1774, 1775, 1776]"
572,"[1686, 1688, 1774, 1777, 1778, 1779]"
573,"[1689, 1691, 1777, 1780, 1781, 1782]"
574,"[1692, 1694, 1780, 1783, 1784, 1785]"
575,"[1695, 1697, 1783, 1786, 1787, 1788]"
576,"[1698, 1700, 1786, 1789, 1790, 1791]"
577,"[1701, 1703, 1789, 1792, 1793, 1794]"
578,"[1704, 1706, 1792, 1795, 1796, 1797]"
579,"[1707, 1709, 1795, 1798, 1799, 1800]"
580,"[1710, 1712, 1798, 1801, 1802, 1803]"
581,"[1713, 1715, 1801, 1804, 1805, 1806]"
582,"[1716, 1718, 1804, 1807, 1808, 1809]"
583,"[1719, 1721, 1807, 1810, 1811, 1812]"
584,"[1722, 1724, 1810, 1813, 1814, 1815]"
585,"[1725, 1727, 1813, 1816, 1817, 1818]"
586,"[1728, 1730, 1816, 1819, 1820, 1821]"
587,"[1731, 1733, 1819, 1822, 1823, 1824]"
588,"[1734, 1736, 1822, 1825, 1826, 1827]"
589,"[1737, 1739, 1825, 1828, 1829, 1830]"
590,"[1740, 1742, 1828, 1831, 1832, 1833]"
591,"[1743, 1745, 1831, 1834, 1835, 1836]"
592,"[1746, 1748, 1834, 1837, 1838, 1839]"
593,"[1749, 1751, 1837, 1840, 1841, 1842]"
594,"[1752, 1754, 1840, 1843, 1844, 1845]"
595,"[1755, 1757, 1843, 1846, 1847, 1848]"
596,"[1758, 1760, 1846, 1849, 1850, 1851]"
597,"[1761, 1763, 1849, 1852, 1853, 1854]"
598,"[1764, 1766, 1852, 1855, 1856, 1857]"
599,"[1767, 1768, 1770, 1855, 1858, 1859]"
629,"[1772, 1859, 1860, 1945, 1948, 1949]"
600,"[1773, 1775, 1860, 1861, 1862, 1863]"
601,"[1776, 1778, 1861, 1864, 1865, 1866]"
602,"[1779, 1781, 1864, 1867, 1868, 1869]"
603,"[1782, 1784, 1867, 1870, 1871, 1872]"
604,"[1785, 1787, 1870, 1873, 1874, 1875]"
605,"[1788, 1790, 1873, 1876, 1877, 1878]"
606,"[1791, 1793, 1876, 1879, 1880, 1881]"
607,"[1794, 1796, 1879, 1882, 1883, 1884]"
608,"[1797, 1799, 1882, 1885, 1886, 1887]"
609,"[1800, 1802, 1885, 1888, 1889, 1890]"
610,"[1803, 1805, 1888, 1891, 1892, 1893]"
611,"[1806, 1808, 1891, 1894, 1895, 1896]"
612,"[1809, 1811, 1894, 1897, 1898, 1899]"
613,"[1812, 1814, 1897, 1900, 1901, 1902]"
614,"[1815, 1817, 1900, 1903, 1904, 1905]"
615,"[1818, 1820, 1903, 1906, 1907, 1908]"
616,"[1821, 1823, 1906, 1909, 1910, 1911]"
617,"[1824, 1826, 1909, 1912, 1913, 1914]"
618,"[1827, 1829, 1912, 1915, 1916, 1917]"
619,"[1830, 1832, 1915, 1918, 1919, 1920]"
620,"[1833, 1835, 1918, 1921, 1922, 1923]"
621,"[1836, 1838, 1921, 1924, 1925, 1926]"
622,"[1839, 1841, 1924, 1927, 1928, 1929]"
623,"[1842, 1844, 1927, 1930, 1931, 1932]"
624,"[1845, 1847, 1930, 1933, 1934, 1935]"
625,"[1848, 1850, 1933, 1936, 1937, 1938]"
626,"[1851, 1853, 1936, 1939, 1940, 1941]"
627,"[1854, 1856, 1939, 1942, 1943, 1944]"
628,"[1857, 1858, 1942, 1945, 1946, 1947]"
630,"[1862, 1949, 1950, 1951, 1952, 1953]"
631,"[1863, 1865, 1951, 1954, 1955, 1956]"
632,"[1866, 1868, 1954, 1957, 1958, 1959]"
633,"[1869, 1871, 1957, 1960, 1961, 1962]"
634,"[1872, 1874, 1960, 1963, 1964, 1965]"
635,"[1875, 1877, 1963, 1966, 1967, 1968]"
636,"[1878, 1880, 1966, 1969, 1970, 1971]"
637,"[1881, 1883, 1969, 1972, 1973, 1974]"
638,"[1884, 1886, 1972, 1975, 1976, 1977]"
639,"[1887, 1889, 1975, 1978, 1979, 1980]"
640,"[1890, 1892, 1978, 1981, 1982, 1983]"
641,"[1893, 1895, 1981, 1984, 1985, 1986]"
642,"[1896, 1898, 1984, 1987, 1988, 1989]"
643,"[1899, 1901, 1987, 1990, 1991, 1992]"
644,"[1902, 1904, 1990, 1993, 1994, 1995]"
645,"[1905, 1907, 1993, 1996, 1997, 1998]"
646,"[1908, 1910, 1996, 1999, 2000, 2001]"
647,"[1911, 1913, 1999, 2002, 2003, 2004]"
648,"[1914, 1916, 2002, 2005, 2006, 2007]"
649,"[1917, 1919, 2005, 2008, 2009, 2010]"
650,"[1920, 1922, 2008, 2011, 2012, 2013]"
651,"[1923, 1925, 2011, 2014, 2015, 2016]"
652,"[1926, 1928, 2014, 2017, 2018, 2019]"
653,"[1929, 1931, 2017, 2020, 2021, 2022]"
654,"[1932, 1934, 2020, 2023, 2024, 2025]"
655,"[1935, 1937, 2023, 2026, 2027, 2028]"
656,"[1938, 1940, 2026, 2029, 2030, 2031]"
657,"[1941, 1943, 2029, 2032, 2033, 2034]"
658,"[1944, 1946, 2032, 2035, 2036, 2037]"
659,"[1947, 1948, 1950, 2035, 2038, 2039]"
689,"[1952, 2039, 2040, 2125, 2128, 2129]"
660,"[1953, 1955, 2040, 2041, 2042, 2043]"
661,"[1956, 1958, 2041, 2044, 2045, 2046]"
662,"[1959, 1961, 2044, 2047, 2048, 2049]"
663,"[1962, 1964, 2047, 2050, 2051, 2052]"
664,"[1965, 1967, 2050, 2053, 2054, 2055]"
665,"[1968, 1970, 2053, 2056, 2057, 2058]"
666,"[1971, 1973, 2056, 2059, 2060, 2061]"
667,"[1974, 1976, 2059, 2062, 2063, 2064]"
668,"[1977, 1979, 2062, 2065, 2066, 2067]"
669,"[1980, 1982, 2065, 2068, 2069, 2070]"
670,"[1983, 1985, 2068, 2071, 2072, 2073]"
671,"[1986, 1988, 2071, 2074, 2075, 2076]"
672,"[1989, 1991, 2074, 2077, 2078, 2079]"
673,"[1992, 1994, 2077, 2080, 2081, 2082]"
674,"[1995, 1997, 2080, 2083, 2084, 2085]"
675,"[1998, 2000, 2083, 2086, 2087, 2088]"
676,"[2001, 2003, 2086, 2089, 2090, 2091]"
677,"[2004, 2006, 2089, 2092, 2093, 2094]"
678,"[2007, 2009, 2092, 2095, 2096, 2097]"
679,"[2010, 2012, 2095, 2098, 2099, 2100]"
680,"[2013, 2015, 2098, 2101, 2102, 2103]"
681,"[2016, 2018, 2101, 2104, 2105, 2106]"
682,"[2019, 2021, 2104, 2107, 2108, 2109]"
683,"[2022, 2024, 2107, 2110, 2111, 2112]"
684,"[2025, 2027, 2110, 2113, 2114, 2115]"
685,"[2028, 2030, 2113, 2116, 2117, 2118]"
686,"[2031, 2033, 2116, 2119, 2120, 2121]"
687,"[2034, 2036, 2119, 2122, 2123, 2124]"
688,"[2037, 2038, 2122, 2125, 2126, 2127]"
690,"[2042, 2129, 2130, 2131, 2132, 2133]"
691,"[2043, 2045, 2131, 2134, 2135, 2136]"
692,"[2046, 2048, 2134, 2137, 2138, 2139]"
693,"[2049, 2051, 2137, 2140, 2141, 2142]"
694,"[2052, 2054, 2140, 2143, 2144, 2145]"
695,"[2055, 2057, 2143, 2146, 2147, 2148]"
696,"[2058, 2060, 2146, 2149, 2150, 2151]"
697,"[2061, 2063, 2149, 2152, 2153, 2154]"
698,"[2064, 2066, 2152, 2155, 2156, 2157]"
699,"[2067, 2069, 2155, 2158, 2159, 2160]"
700,"[2070, 2072, 2158, 2161, 2162, 2163]"
701,"[2073, 2075, 2161, 2164, 2165, 2166]"
702,"[2076, 2078, 2164, 2167, 2168, 2169]"
703,"[2079, 2081, 2167, 2170, 2171, 2172]"
704,"[2082, 2084, 2170, 2173, 2174, 2175]"
705,"[2085, 2087, 2173, 2176, 2177, 2178]"
706,"[2088, 2090, 2176, 2179, 2180, 2181]"
707,"[2091, 2093, 2179, 2182, 2183, 2184]"
708,"[2094, 2096, 2182, 2185, 2186, 2187]"
709,"[2097, 2099, 2185, 2188, 2189, 2190]"
710,"[2100, 2102, 2188, 2191, 2192, 2193]"
711,"[2103, 2105, 2191, 2194, 2195, 2196]"
712,"[2106, 2108, 2194, 2197, 2198, 2199]"
713,"[2109, 2111, 2197, 2200, 2201, 2202]"
714,"[2112, 2114, 2200, 2203, 2204, 2205]"
715,"[2115, 2117, 2203, 2206, 2207, 2208]"
716,"[2118, 2120, 2206, 2209, 2210, 2211]"
717,"[2121, 2123, 2209, 2212, 2213, 2214]"
718,"[2124, 2126, 2212, 2215, 2216, 2217]"
719,"[2127, 2128, 2130, 2215, 2218, 2219]"
749,"[2132, 2219, 2220, 2305, 2308, 2309]"
720,"[2133, 2135, 2220, 2221, 2222, 2223]"
721,"[2136, 2138, 2221, 2224, 2225, 2226]"
722,"[2139, 2141, 2224, 2227, 2228, 2229]"
723,"[2142, 2144, 2227, 2230, 2231, 2232]"
724,"[2145, 2147, 2230, 2233, 2234, 2235]"
725,"[2148, 2150, 2233, 2236, 2237, 2238]"
726,"[2151, 2153, 2236, 2239, 2240, 2241]"
727,"[2154, 2156, 2239, 2242, 2243, 2244]"
728,"[2157, 2159, 2242, 2245, 2246, 2247]"
729,"[2160, 2162, 2245, 2248, 2249, 2250]"
730,"[2163, 2165, 2248, 2251, 2252, 2253]"
731,"[2166, 2168, 2251, 2254, 2255, 2256]"
732,"[2169, 2171, 2254, 2257, 2258, 2259]"
733,"[2172, 2174, 2257, 2260, 2261, 2262]"
734,"[2175, 2177, 2260, 2263, 2264, 2265]"
735,"[2178, 2180, 2263, 2266, 2267, 2268]"
736,"[2181, 2183, 2266, 2269, 2270, 2271]"
737,"[2184, 2186, 2269, 2272, 2273, 2274]"
738,"[2187, 2189, 2272, 2275, 2276, 2277]"
739,"[2190, 2192, 2275, 2278, 2279, 2280]"
740,"[2193, 2195, 2278, 2281, 2282, 2283]"
741,"[2196, 2198, 2281, 2284, 2285, 2286]"
742,"[2199, 2201, 2284, 2287, 2288, 2289]"
743,"[2202, 2204, 2287, 2290, 2291, 2292]"
744,"[2205, 2207, 2290, 2293, 2294, 2295]"
745,"[2208, 2210, 2293, 2296, 2297, 2298]"
746,"[2211, 2213, 2296, 2299, 2300, 2301]"
747,"[2214, 2216, 2299, 2302, 2303, 2304]"
748,"[2217, 2218, 2302, 2305, 2306, 2307]"
750,"[2222, 2309, 2310, 2311, 2312, 2313]"
751,"[2223, 2225, 2311, 2314, 2315, 2316]"
752,"[2226, 2228, 2314, 2317, 2318, 2319]"
753,"[2229, 2231, 2317, 2320, 2321, 2322]"
754,"[2232, 2234, 2320, 2323, 2324, 2325]"
755,"[2235, 2237, 2323, 2326, 2327, 2328]"
756,"[2238, 2240, 2326, 2329, 2330, 2331]"
757,"[2241, 2243, 2329, 2332, 2333, 2334]"
758,"[2244, 2246, 2332, 2335, 2336, 2337]"
759,"[2247, 2249, 2335, 2338, 2339, 2340]"
760,"[2250, 2252, 2338, 2341, 2342, 2343]"
761,"[2253, 2255, 2341, 2344, 2345, 2346]"
762,"[2256, 2258, 2344, 2347, 2348, 2349]"
763,"[2259, 2261, 2347, 2350, 2351, 2352]"
764,"[2262, 2264, 2350, 2353, 2354, 2355]"
765,"[2265, 2267, 2353, 2356, 2357, 2358]"
766,"[2268, 2270, 2356, 2359, 2360, 2361]"
767,"[2271, 2273, 2359, 2362, 2363, 2364]"
768,"[2274, 2276, 2362, 2365, 2366, 2367]"
769,"[2277, 2279, 2365, 2368, 2369, 2370]"
770,"[2280, 2282, 2368, 2371, 2372, 2373]"
771,"[2283, 2285, 2371, 2374, 2375, 2376]"
772,"[2286, 2288, 2374, 2377, 2378, 2379]"
773,"[2289, 2291, 2377, 2380, 2381, 2382]"
774,"[2292, 2294, 2380, 2383, 2384, 2385]"
775,"[2295, 2297, 2383, 2386, 2387, 2388]"
776,"[2298, 2300, 2386, 2389, 2390, 2391]"
777,"[2301, 2303, 2389, 2392, 2393, 2394]"
778,"[2304, 2306, 2392, 2395, 2396, 2397]"
779,"[2307, 2308, 2310, 2395, 2398, 2399]"
809,"[2312, 2399, 2400, 2485, 2488, 2489]"
780,"[2313, 2315, 2400, 2401, 2402, 2403]"
781,"[2316, 2318, 2401, 2404, 2405, 2406]"
782,"[2319, 2321, 2404, 2407, 2408, 2409]"
783,"[2322, 2324, 2407, 2410, 2411, 2412]"
784,"[2325, 2327, 2410, 2413, 2414, 2415]"
785,"[2328, 2330, 2413, 2416, 2417, 2418]"
786,"[2331, 2333, 2416, 2419, 2420, 2421]"
787,"[2334, 2336, 2419, 2422, 2423, 2424]"
788,"[2337, 2339, 2422, 2425, 2426, 2427]"
789,"[2340, 2342, 2425, 2428, 2429, 2430]"
790,"[2343, 2345, 2428, 2431, 2432, 2433]"
791,"[2346, 2348, 2431, 2434, 2435, 2436]"
792,"[2349, 2351, 2434, 2437, 2438, 2439]"
793,"[2352, 2354, 2437, 2440, 2441, 2442]"
794,"[2355, 2357, 2440, 2443, 2444, 2445]"
795,"[2358, 2360, 2443, 2446, 2447, 2448]"
796,"[2361, 2363, 2446, 2449, 2450, 2451]"
797,"[2364, 2366, 2449, 2452, 2453, 2454]"
798,"[2367, 2369, 2452, 2455, 2456, 2457]"
799,"[2370, 2372, 2455, 2458, 2459, 2460]"
800,"[2373, 2375, 2458, 2461, 2462, 2463]"
801,"[2376, 2378, 2461, 2464, 2465, 2466]"
802,"[2379, 2381, 2464, 2467, 2468, 2469]"
803,"[2382, 2384, 2467, 2470, 2471, 2472]"
804,"[2385, 2387, 2470, 2473, 2474, 2475]"
805,"[2388, 2390, 2473, 2476, 2477, 2478]"
806,"[2391, 2393, 2476, 2479, 2480, 2481]"
807,"[2394, 2396, 2479, 2482, 2483, 2484]"
808,"[2397, 2398, 2482, 2485, 2486, 2487]"
810,"[2402, 2489, 2490, 2491, 2492, 2493]"
811,"[2403, 2405, 2491, 2494, 2495, 2496]"
812,"[2406, 2408, 2494, 2497, 2498, 2499]"
813,"[2409, 2411, 2497, 2500, 2501, 2502]"
814,"[2412, 2414, 2500, 2503, 2504, 2505]"
815,"[2415, 2417, 2503, 2506, 2507, 2508]"
816,"[2418, 2420, 2506, 2509, 2510, 2511]"
817,"[2421, 2423, 2509, 2512, 2513, 2514]"
818,"[2424, 2426, 2512, 2515, 2516, 2517]"
819,"[2427, 2429, 2515, 2518, 2519, 2520]"
820,"[2430, 2432, 2518, 2521, 2522, 2523]"
821,"[2433, 2435, 2521, 2524, 2525, 2526]"
822,"[2436, 2438, 2524, 2527, 2528, 2529]"
823,"[2439, 2441, 2527, 2530, 2531, 2532]"
824,"[2442, 2444, 2530, 2533, 2534, 2535]"
825,"[2445, 2447, 2533, 2536, 2537, 2538]"
826,"[2448, 2450, 2536, 2539, 2540, 2541]"
827,"[2451, 2453, 2539, 2542, 2543, 2544]"
828,"[2454, 2456, 2542, 2545, 2546, 2547]"
829,"[2457, 2459, 2545, 2548, 2549, 2550]"
830,"[2460, 2462, 2548, 2551, 2552, 2553]"
831,"[2463, 2465, 2551, 2554, 2555, 2556]"
832,"[2466, 2468, 2554, 2557, 2558, 2559]"
833,"[2469, 2471, 2557, 2560, 2561, 2562]"
834,"[2472, 2474, 2560, 2563, 2564, 2565]"
835,"[2475, 2477, 2563, 2566, 2567, 2568]"
836,"[2478, 2480, 2566, 2569, 2570, 2571]"
837,"[2481, 2483, 2569, 2572, 2573, 2574]"
838,"[2484, 2486, 2572, 2575, 2576, 2577]"
839,"[2487, 2488, 2490, 2575, 2578, 2579]"
869,"[2492, 2579, 2580, 2665, 2668, 2669]"
840,"[2493, 2495, 2580, 2581, 2582, 2583]"
841,"[2496, 2498, 2581, 2584, 2585, 2586]"
842,"[2499, 2501, 2584, 2587, 2588, 2589]"
843,"[2502, 2504, 2587, 2590, 2591, 2592]"
844,"[2505, 2507, 2590, 2593, 2594, 2595]"
845,"[2508, 2510, 2593, 2596, 2597, 2598]"
846,"[2511, 2513, 2596, 2599, 2600, 2601]"
847,"[2514, 2516, 2599, 2602, 2603, 2604]"
848,"[2517, 2519, 2602, 2605, 2606, 2607]"
849,"[2520, 2522, 2605, 2608, 2609, 2610]"
850,"[2523, 2525, 2608, 2611, 2612, 2613]"
851,"[2526, 2528, 2611, 2614, 2615, 2616]"
852,"[2529, 2531, 2614, 2617, 2618, 2619]"
853,"[2532, 2534, 2617, 2620, 2621, 2622]"
854,"[2535, 2537, 2620, 2623, 2624, 2625]"
855,"[2538, 2540, 2623, 2626, 2627, 2628]"
856,"[2541, 2543, 2626, 2629, 2630, 2631]"
857,"[2544, 2546, 2629, 2632, 2633, 2634]"
858,"[2547, 2549, 2632, 2635, 2636, 2637]"
859,"[2550, 2552, 2635, 2638, 2639, 2640]"
860,"[2553, 2555, 2638, 2641, 2642, 2643]"
861,"[2556, 2558, 2641, 2644, 2645, 2646]"
862,"[2559, 2561, 2644, 2647, 2648, 2649]"
863,"[2562, 2564, 2647, 2650, 2651, 2652]"
864,"[2565, 2567, 2650, 2653, 2654, 2655]"
865,"[2568, 2570, 2653, 2656, 2657, 2658]"
866,"[2571, 2573, 2656, 2659, 2660, 2661]"
867,"[2574, 2576, 2659, 2662, 2663, 2664]"
868,"[2577, 2578, 2662, 2665, 2666, 2667]"
