0,"[0, 1, 3041]"
5,"[0, 2, 157]"
1,"[1, 3, 6]"
4,"[2, 4, 159]"
2,"[3, 5, 9]"
3,"[4, 5, 161]"
128,"[6, 7, 3042]"
129,"[7, 8, 11]"
130,"[8, 10, 14]"
131,"[9, 10, 164]"
192,"[11, 12, 3043]"
193,"[12, 13, 16]"
194,"[13, 15, 19]"
195,"[14, 15, 167]"
256,"[16, 17, 3044]"
257,"[17, 18, 21]"
258,"[18, 20, 24]"
259,"[19, 20, 170]"
320,"[21, 22, 3045]"
321,"[22, 23, 26]"
322,"[23, 25, 29]"
323,"[24, 25, 173]"
384,"[26, 27, 3046]"
385,"[27, 28, 31]"
386,"[28, 30, 34]"
387,"[29, 30, 176]"
448,"[31, 32, 3047]"
449,"[32, 33, 36]"
450,"[33, 35, 39]"
451,"[34, 35, 179]"
512,"[36, 37, 3048]"
513,"[37, 38, 41]"
514,"[38, 40, 44]"
515,"[39, 40, 182]"
576,"[41, 42, 3049]"
577,"[42, 43, 46]"
578,"[43, 45, 49]"
579,"[44, 45, 185]"
640,"[46, 47, 3050]"
641,"[47, 48, 51]"
642,"[48, 50, 54]"
643,"[49, 50, 188]"
704,"[51, 52, 3051]"
705,"[52, 53, 56]"
706,"[53, 55, 59]"
707,"[54, 55, 191]"
768,"[56, 57, 3052]"
769,"[57, 58, 61]"
770,"[58, 60, 64]"
771,"[59, 60, 194]"
832,"[61, 62, 3053]"
833,"[62, 63, 66]"
834,"[63, 65, 69]"
835,"[64, 65, 197]"
896,"[66, 67, 3054]"
897,"[67, 68, 71]"
898,"[68, 70, 74]"
899,"[69, 70, 200]"
960,"[71, 72, 3055]"
961,"[72, 73, 76]"
962,"[73, 75, 79]"
963,"[74, 75, 203]"
1024,"[76, 77, 3056]"
1025,"[77, 78, 81]"
1026,"[78, 80, 84]"
1027,"[79, 80, 206]"
1088,"[81, 82, 3057]"
1089,"[82, 83, 86]"
1090,"[83, 85, 89]"
1091,"[84, 85, 209]"
1152,"[86, 87, 3058]"
1153,"[87, 88, 91]"
1154,"[88, 90, 94]"
1155,"[89, 90, 212]"
1216,"[91, 92, 3059]"
1217,"[92, 93, 96]"
1218,"[93, 95, 99]"
1219,"[94, 95, 215]"
1280,"[96, 97, 3060]"
1281,"[97, 98, 101]"
1282,"[98, 100, 104]"
1283,"[99, 100, 218]"
1344,"[101, 102, 3061]"
1345,"[102, 103, 106]"
1346,"[103, 105, 109]"
1347,"[104, 105, 221]"
1408,"[106, 107, 3062]"
1409,"[107, 108, 111]"
1410,"[108, 110, 114]"
1411,"[109, 110, 224]"
1472,"[111, 112, 3063]"
1473,"[112, 113, 116]"
1474,"[113, 115, 119]"
1475,"[114, 115, 227]"
1536,"[116, 117, 3064]"
1537,"[117, 118, 121]"
1538,"[118, 120, 124]"
1539,"[119, 120, 230]"
1600,"[121, 122, 3065]"
1601,"[122, 123, 126]"
1602,"[123, 125, 129]"
1603,"[124, 125, 233]"
1664,"[126, 127, 3066]"
1665,"[127, 128, 131]"
1666,"[128, 130, 134]"
1667,"[129, 130, 236]"
1728,"[131, 132, 3067]"
1729,"[132, 133, 136]"
1730,"[133, 135, 139]"
1731,"[134, 135, 239]"
1792,"[136, 137, 3068]"
1793,"[137, 138, 141]"
1794,"[138, 140, 144]"
1795,"[139, 140, 242]"
1856,"[141, 142, 3069]"
1857,"[142, 143, 146]"
1858,"[143, 145, 149]"
1859,"[144, 145, 245]"
1920,"[146, 147, 3070]"
1921,"[147, 148, 151]"
1922,"[148, 150, 154]"
1923,"[149, 150, 248]"
1984,"[151, 152, 3071]"
1985,"[152, 153, 156]"
1986,"[153, 155, 158]"
1987,"[154, 155, 251]"
126,"[156, 157, 3040]"
9,"[158, 159, 160]"
8,"[160, 162, 255]"
6,"[161, 163, 165]"
7,"[162, 163, 256]"
132,"[164, 166, 168]"
10,"[165, 166, 257]"
196,"[167, 169, 171]"
133,"[168, 169, 260]"
260,"[170, 172, 174]"
197,"[171, 172, 263]"
324,"[173, 175, 177]"
261,"[174, 175, 266]"
388,"[176, 178, 180]"
325,"[177, 178, 269]"
452,"[179, 181, 183]"
389,"[180, 181, 272]"
516,"[182, 184, 186]"
453,"[183, 184, 275]"
580,"[185, 187, 189]"
517,"[186, 187, 278]"
644,"[188, 190, 192]"
581,"[189, 190, 281]"
708,"[191, 193, 195]"
645,"[192, 193, 284]"
772,"[194, 196, 198]"
709,"[195, 196, 287]"
836,"[197, 199, 201]"
773,"[198, 199, 290]"
900,"[200, 202, 204]"
837,"[201, 202, 293]"
964,"[203, 205, 207]"
901,"[204, 205, 296]"
1028,"[206, 208, 210]"
965,"[207, 208, 299]"
1092,"[209, 211, 213]"
1029,"[210, 211, 302]"
1156,"[212, 214, 216]"
1093,"[213, 214, 305]"
1220,"[215, 217, 219]"
1157,"[216, 217, 308]"
1284,"[218, 220, 222]"
1221,"[219, 220, 311]"
1348,"[221, 223, 225]"
1285,"[222, 223, 314]"
1412,"[224, 226, 228]"
1349,"[225, 226, 317]"
1476,"[227, 229, 231]"
1413,"[228, 229, 320]"
1540,"[230, 232, 234]"
1477,"[231, 232, 323]"
1604,"[233, 235, 237]"
1541,"[234, 235, 326]"
1668,"[236, 238, 240]"
1605,"[237, 238, 329]"
1732,"[239, 241, 243]"
1669,"[240, 241, 332]"
1796,"[242, 244, 246]"
1733,"[243, 244, 335]"
1860,"[245, 247, 249]"
1797,"[246, 247, 338]"
1924,"[248, 250, 252]"
1861,"[249, 250, 341]"
1988,"[251, 253, 254]"
1925,"[252, 253, 344]"
1989,"[254, 255, 347]"
13,"[256, 258, 351]"
11,"[257, 259, 261]"
12,"[258, 259, 353]"
134,"[260, 262, 264]"
135,"[261, 262, 356]"
198,"[263, 265, 267]"
199,"[264, 265, 359]"
262,"[266, 268, 270]"
263,"[267, 268, 362]"
326,"[269, 271, 273]"
327,"[270, 271, 365]"
390,"[272, 274, 276]"
391,"[273, 274, 368]"
454,"[275, 277, 279]"
455,"[276, 277, 371]"
518,"[278, 280, 282]"
519,"[279, 280, 374]"
582,"[281, 283, 285]"
583,"[282, 283, 377]"
646,"[284, 286, 288]"
647,"[285, 286, 380]"
710,"[287, 289, 291]"
711,"[288, 289, 383]"
774,"[290, 292, 294]"
775,"[291, 292, 386]"
838,"[293, 295, 297]"
839,"[294, 295, 389]"
902,"[296, 298, 300]"
903,"[297, 298, 392]"
966,"[299, 301, 303]"
967,"[300, 301, 395]"
1030,"[302, 304, 306]"
1031,"[303, 304, 398]"
1094,"[305, 307, 309]"
1095,"[306, 307, 401]"
1158,"[308, 310, 312]"
1159,"[309, 310, 404]"
1222,"[311, 313, 315]"
1223,"[312, 313, 407]"
1286,"[314, 316, 318]"
1287,"[315, 316, 410]"
1350,"[317, 319, 321]"
1351,"[318, 319, 413]"
1414,"[320, 322, 324]"
1415,"[321, 322, 416]"
1478,"[323, 325, 327]"
1479,"[324, 325, 419]"
1542,"[326, 328, 330]"
1543,"[327, 328, 422]"
1606,"[329, 331, 333]"
1607,"[330, 331, 425]"
1670,"[332, 334, 336]"
1671,"[333, 334, 428]"
1734,"[335, 337, 339]"
1735,"[336, 337, 431]"
1798,"[338, 340, 342]"
1799,"[339, 340, 434]"
1862,"[341, 343, 345]"
1863,"[342, 343, 437]"
1926,"[344, 346, 348]"
1927,"[345, 346, 440]"
1990,"[347, 349, 350]"
1991,"[348, 349, 443]"
17,"[350, 351, 352]"
16,"[352, 354, 447]"
14,"[353, 355, 357]"
15,"[354, 355, 448]"
136,"[356, 358, 360]"
18,"[357, 358, 449]"
200,"[359, 361, 363]"
137,"[360, 361, 452]"
264,"[362, 364, 366]"
201,"[363, 364, 455]"
328,"[365, 367, 369]"
265,"[366, 367, 458]"
392,"[368, 370, 372]"
329,"[369, 370, 461]"
456,"[371, 373, 375]"
393,"[372, 373, 464]"
520,"[374, 376, 378]"
457,"[375, 376, 467]"
584,"[377, 379, 381]"
521,"[378, 379, 470]"
648,"[380, 382, 384]"
585,"[381, 382, 473]"
712,"[383, 385, 387]"
649,"[384, 385, 476]"
776,"[386, 388, 390]"
713,"[387, 388, 479]"
840,"[389, 391, 393]"
777,"[390, 391, 482]"
904,"[392, 394, 396]"
841,"[393, 394, 485]"
968,"[395, 397, 399]"
905,"[396, 397, 488]"
1032,"[398, 400, 402]"
969,"[399, 400, 491]"
1096,"[401, 403, 405]"
1033,"[402, 403, 494]"
1160,"[404, 406, 408]"
1097,"[405, 406, 497]"
1224,"[407, 409, 411]"
1161,"[408, 409, 500]"
1288,"[410, 412, 414]"
1225,"[411, 412, 503]"
1352,"[413, 415, 417]"
1289,"[414, 415, 506]"
1416,"[416, 418, 420]"
1353,"[417, 418, 509]"
1480,"[419, 421, 423]"
1417,"[420, 421, 512]"
1544,"[422, 424, 426]"
1481,"[423, 424, 515]"
1608,"[425, 427, 429]"
1545,"[426, 427, 518]"
1672,"[428, 430, 432]"
1609,"[429, 430, 521]"
1736,"[431, 433, 435]"
1673,"[432, 433, 524]"
1800,"[434, 436, 438]"
1737,"[435, 436, 527]"
1864,"[437, 439, 441]"
1801,"[438, 439, 530]"
1928,"[440, 442, 444]"
1865,"[441, 442, 533]"
1992,"[443, 445, 446]"
1929,"[444, 445, 536]"
1993,"[446, 447, 539]"
21,"[448, 450, 543]"
19,"[449, 451, 453]"
20,"[450, 451, 545]"
138,"[452, 454, 456]"
139,"[453, 454, 548]"
202,"[455, 457, 459]"
203,"[456, 457, 551]"
266,"[458, 460, 462]"
267,"[459, 460, 554]"
330,"[461, 463, 465]"
331,"[462, 463, 557]"
394,"[464, 466, 468]"
395,"[465, 466, 560]"
458,"[467, 469, 471]"
459,"[468, 469, 563]"
522,"[470, 472, 474]"
523,"[471, 472, 566]"
586,"[473, 475, 477]"
587,"[474, 475, 569]"
650,"[476, 478, 480]"
651,"[477, 478, 572]"
714,"[479, 481, 483]"
715,"[480, 481, 575]"
778,"[482, 484, 486]"
779,"[483, 484, 578]"
842,"[485, 487, 489]"
843,"[486, 487, 581]"
906,"[488, 490, 492]"
907,"[489, 490, 584]"
970,"[491, 493, 495]"
971,"[492, 493, 587]"
1034,"[494, 496, 498]"
1035,"[495, 496, 590]"
1098,"[497, 499, 501]"
1099,"[498, 499, 593]"
1162,"[500, 502, 504]"
1163,"[501, 502, 596]"
1226,"[503, 505, 507]"
1227,"[504, 505, 599]"
1290,"[506, 508, 510]"
1291,"[507, 508, 602]"
1354,"[509, 511, 513]"
1355,"[510, 511, 605]"
1418,"[512, 514, 516]"
1419,"[513, 514, 608]"
1482,"[515, 517, 519]"
1483,"[516, 517, 611]"
1546,"[518, 520, 522]"
1547,"[519, 520, 614]"
1610,"[521, 523, 525]"
1611,"[522, 523, 617]"
1674,"[524, 526, 528]"
1675,"[525, 526, 620]"
1738,"[527, 529, 531]"
1739,"[528, 529, 623]"
1802,"[530, 532, 534]"
1803,"[531, 532, 626]"
1866,"[533, 535, 537]"
1867,"[534, 535, 629]"
1930,"[536, 538, 540]"
1931,"[537, 538, 632]"
1994,"[539, 541, 542]"
1995,"[540, 541, 635]"
25,"[542, 543, 544]"
24,"[544, 546, 639]"
22,"[545, 547, 549]"
23,"[546, 547, 640]"
140,"[548, 550, 552]"
26,"[549, 550, 641]"
204,"[551, 553, 555]"
141,"[552, 553, 644]"
268,"[554, 556, 558]"
205,"[555, 556, 647]"
332,"[557, 559, 561]"
269,"[558, 559, 650]"
396,"[560, 562, 564]"
333,"[561, 562, 653]"
460,"[563, 565, 567]"
397,"[564, 565, 656]"
524,"[566, 568, 570]"
461,"[567, 568, 659]"
588,"[569, 571, 573]"
525,"[570, 571, 662]"
652,"[572, 574, 576]"
589,"[573, 574, 665]"
716,"[575, 577, 579]"
653,"[576, 577, 668]"
780,"[578, 580, 582]"
717,"[579, 580, 671]"
844,"[581, 583, 585]"
781,"[582, 583, 674]"
908,"[584, 586, 588]"
845,"[585, 586, 677]"
972,"[587, 589, 591]"
909,"[588, 589, 680]"
1036,"[590, 592, 594]"
973,"[591, 592, 683]"
1100,"[593, 595, 597]"
1037,"[594, 595, 686]"
1164,"[596, 598, 600]"
1101,"[597, 598, 689]"
1228,"[599, 601, 603]"
1165,"[600, 601, 692]"
1292,"[602, 604, 606]"
1229,"[603, 604, 695]"
1356,"[605, 607, 609]"
1293,"[606, 607, 698]"
1420,"[608, 610, 612]"
1357,"[609, 610, 701]"
1484,"[611, 613, 615]"
1421,"[612, 613, 704]"
1548,"[614, 616, 618]"
1485,"[615, 616, 707]"
1612,"[617, 619, 621]"
1549,"[618, 619, 710]"
1676,"[620, 622, 624]"
1613,"[621, 622, 713]"
1740,"[623, 625, 627]"
1677,"[624, 625, 716]"
1804,"[626, 628, 630]"
1741,"[627, 628, 719]"
1868,"[629, 631, 633]"
1805,"[630, 631, 722]"
1932,"[632, 634, 636]"
1869,"[633, 634, 725]"
1996,"[635, 637, 638]"
1933,"[636, 637, 728]"
1997,"[638, 639, 731]"
29,"[640, 642, 735]"
27,"[641, 643, 645]"
28,"[642, 643, 737]"
142,"[644, 646, 648]"
143,"[645, 646, 740]"
206,"[647, 649, 651]"
207,"[648, 649, 743]"
270,"[650, 652, 654]"
271,"[651, 652, 746]"
334,"[653, 655, 657]"
335,"[654, 655, 749]"
398,"[656, 658, 660]"
399,"[657, 658, 752]"
462,"[659, 661, 663]"
463,"[660, 661, 755]"
526,"[662, 664, 666]"
527,"[663, 664, 758]"
590,"[665, 667, 669]"
591,"[666, 667, 761]"
654,"[668, 670, 672]"
655,"[669, 670, 764]"
718,"[671, 673, 675]"
719,"[672, 673, 767]"
782,"[674, 676, 678]"
783,"[675, 676, 770]"
846,"[677, 679, 681]"
847,"[678, 679, 773]"
910,"[680, 682, 684]"
911,"[681, 682, 776]"
974,"[683, 685, 687]"
975,"[684, 685, 779]"
1038,"[686, 688, 690]"
1039,"[687, 688, 782]"
1102,"[689, 691, 693]"
1103,"[690, 691, 785]"
1166,"[692, 694, 696]"
1167,"[693, 694, 788]"
1230,"[695, 697, 699]"
1231,"[696, 697, 791]"
1294,"[698, 700, 702]"
1295,"[699, 700, 794]"
1358,"[701, 703, 705]"
1359,"[702, 703, 797]"
1422,"[704, 706, 708]"
1423,"[705, 706, 800]"
1486,"[707, 709, 711]"
1487,"[708, 709, 803]"
1550,"[710, 712, 714]"
1551,"[711, 712, 806]"
1614,"[713, 715, 717]"
1615,"[714, 715, 809]"
1678,"[716, 718, 720]"
1679,"[717, 718, 812]"
1742,"[719, 721, 723]"
1743,"[720, 721, 815]"
1806,"[722, 724, 726]"
1807,"[723, 724, 818]"
1870,"[725, 727, 729]"
1871,"[726, 727, 821]"
1934,"[728, 730, 732]"
1935,"[729, 730, 824]"
1998,"[731, 733, 734]"
1999,"[732, 733, 827]"
33,"[734, 735, 736]"
32,"[736, 738, 831]"
30,"[737, 739, 741]"
31,"[738, 739, 832]"
144,"[740, 742, 744]"
34,"[741, 742, 833]"
208,"[743, 745, 747]"
145,"[744, 745, 836]"
272,"[746, 748, 750]"
209,"[747, 748, 839]"
336,"[749, 751, 753]"
273,"[750, 751, 842]"
400,"[752, 754, 756]"
337,"[753, 754, 845]"
464,"[755, 757, 759]"
401,"[756, 757, 848]"
528,"[758, 760, 762]"
465,"[759, 760, 851]"
592,"[761, 763, 765]"
529,"[762, 763, 854]"
656,"[764, 766, 768]"
593,"[765, 766, 857]"
720,"[767, 769, 771]"
657,"[768, 769, 860]"
784,"[770, 772, 774]"
721,"[771, 772, 863]"
848,"[773, 775, 777]"
785,"[774, 775, 866]"
912,"[776, 778, 780]"
849,"[777, 778, 869]"
976,"[779, 781, 783]"
913,"[780, 781, 872]"
1040,"[782, 784, 786]"
977,"[783, 784, 875]"
1104,"[785, 787, 789]"
1041,"[786, 787, 878]"
1168,"[788, 790, 792]"
1105,"[789, 790, 881]"
1232,"[791, 793, 795]"
1169,"[792, 793, 884]"
1296,"[794, 796, 798]"
1233,"[795, 796, 887]"
1360,"[797, 799, 801]"
1297,"[798, 799, 890]"
1424,"[800, 802, 804]"
1361,"[801, 802, 893]"
1488,"[803, 805, 807]"
1425,"[804, 805, 896]"
1552,"[806, 808, 810]"
1489,"[807, 808, 899]"
1616,"[809, 811, 813]"
1553,"[810, 811, 902]"
1680,"[812, 814, 816]"
1617,"[813, 814, 905]"
1744,"[815, 817, 819]"
1681,"[816, 817, 908]"
1808,"[818, 820, 822]"
1745,"[819, 820, 911]"
1872,"[821, 823, 825]"
1809,"[822, 823, 914]"
1936,"[824, 826, 828]"
1873,"[825, 826, 917]"
2000,"[827, 829, 830]"
1937,"[828, 829, 920]"
2001,"[830, 831, 923]"
37,"[832, 834, 927]"
35,"[833, 835, 837]"
36,"[834, 835, 929]"
146,"[836, 838, 840]"
147,"[837, 838, 932]"
210,"[839, 841, 843]"
211,"[840, 841, 935]"
274,"[842, 844, 846]"
275,"[843, 844, 938]"
338,"[845, 847, 849]"
339,"[846, 847, 941]"
402,"[848, 850, 852]"
403,"[849, 850, 944]"
466,"[851, 853, 855]"
467,"[852, 853, 947]"
530,"[854, 856, 858]"
531,"[855, 856, 950]"
594,"[857, 859, 861]"
595,"[858, 859, 953]"
658,"[860, 862, 864]"
659,"[861, 862, 956]"
722,"[863, 865, 867]"
723,"[864, 865, 959]"
786,"[866, 868, 870]"
787,"[867, 868, 962]"
850,"[869, 871, 873]"
851,"[870, 871, 965]"
914,"[872, 874, 876]"
915,"[873, 874, 968]"
978,"[875, 877, 879]"
979,"[876, 877, 971]"
1042,"[878, 880, 882]"
1043,"[879, 880, 974]"
1106,"[881, 883, 885]"
1107,"[882, 883, 977]"
1170,"[884, 886, 888]"
1171,"[885, 886, 980]"
1234,"[887, 889, 891]"
1235,"[888, 889, 983]"
1298,"[890, 892, 894]"
1299,"[891, 892, 986]"
1362,"[893, 895, 897]"
1363,"[894, 895, 989]"
1426,"[896, 898, 900]"
1427,"[897, 898, 992]"
1490,"[899, 901, 903]"
1491,"[900, 901, 995]"
1554,"[902, 904, 906]"
1555,"[903, 904, 998]"
1618,"[905, 907, 909]"
1619,"[906, 907, 1001]"
1682,"[908, 910, 912]"
1683,"[909, 910, 1004]"
1746,"[911, 913, 915]"
1747,"[912, 913, 1007]"
1810,"[914, 916, 918]"
1811,"[915, 916, 1010]"
1874,"[917, 919, 921]"
1875,"[918, 919, 1013]"
1938,"[920, 922, 924]"
1939,"[921, 922, 1016]"
2002,"[923, 925, 926]"
2003,"[924, 925, 1019]"
41,"[926, 927, 928]"
40,"[928, 930, 1023]"
38,"[929, 931, 933]"
39,"[930, 931, 1024]"
148,"[932, 934, 936]"
42,"[933, 934, 1025]"
212,"[935, 937, 939]"
149,"[936, 937, 1028]"
276,"[938, 940, 942]"
213,"[939, 940, 1031]"
340,"[941, 943, 945]"
277,"[942, 943, 1034]"
404,"[944, 946, 948]"
341,"[945, 946, 1037]"
468,"[947, 949, 951]"
405,"[948, 949, 1040]"
532,"[950, 952, 954]"
469,"[951, 952, 1043]"
596,"[953, 955, 957]"
533,"[954, 955, 1046]"
660,"[956, 958, 960]"
597,"[957, 958, 1049]"
724,"[959, 961, 963]"
661,"[960, 961, 1052]"
788,"[962, 964, 966]"
725,"[963, 964, 1055]"
852,"[965, 967, 969]"
789,"[966, 967, 1058]"
916,"[968, 970, 972]"
853,"[969, 970, 1061]"
980,"[971, 973, 975]"
917,"[972, 973, 1064]"
1044,"[974, 976, 978]"
981,"[975, 976, 1067]"
1108,"[977, 979, 981]"
1045,"[978, 979, 1070]"
1172,"[980, 982, 984]"
1109,"[981, 982, 1073]"
1236,"[983, 985, 987]"
1173,"[984, 985, 1076]"
1300,"[986, 988, 990]"
1237,"[987, 988, 1079]"
1364,"[989, 991, 993]"
1301,"[990, 991, 1082]"
1428,"[992, 994, 996]"
1365,"[993, 994, 1085]"
1492,"[995, 997, 999]"
1429,"[996, 997, 1088]"
1556,"[998, 1000, 1002]"
1493,"[999, 1000, 1091]"
1620,"[1001, 1003, 1005]"
1557,"[1002, 1003, 1094]"
1684,"[1004, 1006, 1008]"
1621,"[1005, 1006, 1097]"
1748,"[1007, 1009, 1011]"
1685,"[1008, 1009, 1100]"
1812,"[1010, 1012, 1014]"
1749,"[1011, 1012, 1103]"
1876,"[1013, 1015, 1017]"
1813,"[1014, 1015, 1106]"
1940,"[1016, 1018, 1020]"
1877,"[1017, 1018, 1109]"
2004,"[1019, 1021, 1022]"
1941,"[1020, 1021, 1112]"
2005,"[1022, 1023, 1115]"
45,"[1024, 1026, 1119]"
43,"[1025, 1027, 1029]"
44,"[1026, 1027, 1121]"
150,"[1028, 1030, 1032]"
151,"[1029, 1030, 1124]"
214,"[1031, 1033, 1035]"
215,"[1032, 1033, 1127]"
278,"[1034, 1036, 1038]"
279,"[1035, 1036, 1130]"
342,"[1037, 1039, 1041]"
343,"[1038, 1039, 1133]"
406,"[1040, 1042, 1044]"
407,"[1041, 1042, 1136]"
470,"[1043, 1045, 1047]"
471,"[1044, 1045, 1139]"
534,"[1046, 1048, 1050]"
535,"[1047, 1048, 1142]"
598,"[1049, 1051, 1053]"
599,"[1050, 1051, 1145]"
662,"[1052, 1054, 1056]"
663,"[1053, 1054, 1148]"
726,"[1055, 1057, 1059]"
727,"[1056, 1057, 1151]"
790,"[1058, 1060, 1062]"
791,"[1059, 1060, 1154]"
854,"[1061, 1063, 1065]"
855,"[1062, 1063, 1157]"
918,"[1064, 1066, 1068]"
919,"[1065, 1066, 1160]"
982,"[1067, 1069, 1071]"
983,"[1068, 1069, 1163]"
1046,"[1070, 1072, 1074]"
1047,"[1071, 1072, 1166]"
1110,"[1073, 1075, 1077]"
1111,"[1074, 1075, 1169]"
1174,"[1076, 1078, 1080]"
1175,"[1077, 1078, 1172]"
1238,"[1079, 1081, 1083]"
1239,"[1080, 1081, 1175]"
1302,"[1082, 1084, 1086]"
1303,"[1083, 1084, 1178]"
1366,"[1085, 1087, 1089]"
1367,"[1086, 1087, 1181]"
1430,"[1088, 1090, 1092]"
1431,"[1089, 1090, 1184]"
1494,"[1091, 1093, 1095]"
1495,"[1092, 1093, 1187]"
1558,"[1094, 1096, 1098]"
1559,"[1095, 1096, 1190]"
1622,"[1097, 1099, 1101]"
1623,"[1098, 1099, 1193]"
1686,"[1100, 1102, 1104]"
1687,"[1101, 1102, 1196]"
1750,"[1103, 1105, 1107]"
1751,"[1104, 1105, 1199]"
1814,"[1106, 1108, 1110]"
1815,"[1107, 1108, 1202]"
1878,"[1109, 1111, 1113]"
1879,"[1110, 1111, 1205]"
1942,"[1112, 1114, 1116]"
1943,"[1113, 1114, 1208]"
2006,"[1115, 1117, 1118]"
2007,"[1116, 1117, 1211]"
49,"[1118, 1119, 1120]"
48,"[1120, 1122, 1215]"
46,"[1121, 1123, 1125]"
47,"[1122, 1123, 1216]"
152,"[1124, 1126, 1128]"
50,"[1125, 1126, 1217]"
216,"[1127, 1129, 1131]"
153,"[1128, 1129, 1220]"
280,"[1130, 1132, 1134]"
217,"[1131, 1132, 1223]"
344,"[1133, 1135, 1137]"
281,"[1134, 1135, 1226]"
408,"[1136, 1138, 1140]"
345,"[1137, 1138, 1229]"
472,"[1139, 1141, 1143]"
409,"[1140, 1141, 1232]"
536,"[1142, 1144, 1146]"
473,"[1143, 1144, 1235]"
600,"[1145, 1147, 1149]"
537,"[1146, 1147, 1238]"
664,"[1148, 1150, 1152]"
601,"[1149, 1150, 1241]"
728,"[1151, 1153, 1155]"
665,"[1152, 1153, 1244]"
792,"[1154, 1156, 1158]"
729,"[1155, 1156, 1247]"
856,"[1157, 1159, 1161]"
793,"[1158, 1159, 1250]"
920,"[1160, 1162, 1164]"
857,"[1161, 1162, 1253]"
984,"[1163, 1165, 1167]"
921,"[1164, 1165, 1256]"
1048,"[1166, 1168, 1170]"
985,"[1167, 1168, 1259]"
1112,"[1169, 1171, 1173]"
1049,"[1170, 1171, 1262]"
1176,"[1172, 1174, 1176]"
1113,"[1173, 1174, 1265]"
1240,"[1175, 1177, 1179]"
1177,"[1176, 1177, 1268]"
1304,"[1178, 1180, 1182]"
1241,"[1179, 1180, 1271]"
1368,"[1181, 1183, 1185]"
1305,"[1182, 1183, 1274]"
1432,"[1184, 1186, 1188]"
1369,"[1185, 1186, 1277]"
1496,"[1187, 1189, 1191]"
1433,"[1188, 1189, 1280]"
1560,"[1190, 1192, 1194]"
1497,"[1191, 1192, 1283]"
1624,"[1193, 1195, 1197]"
1561,"[1194, 1195, 1286]"
1688,"[1196, 1198, 1200]"
1625,"[1197, 1198, 1289]"
1752,"[1199, 1201, 1203]"
1689,"[1200, 1201, 1292]"
1816,"[1202, 1204, 1206]"
1753,"[1203, 1204, 1295]"
1880,"[1205, 1207, 1209]"
1817,"[1206, 1207, 1298]"
1944,"[1208, 1210, 1212]"
1881,"[1209, 1210, 1301]"
2008,"[1211, 1213, 1214]"
1945,"[1212, 1213, 1304]"
2009,"[1214, 1215, 1307]"
53,"[1216, 1218, 1311]"
51,"[1217, 1219, 1221]"
52,"[1218, 1219, 1313]"
154,"[1220, 1222, 1224]"
155,"[1221, 1222, 1316]"
218,"[1223, 1225, 1227]"
219,"[1224, 1225, 1319]"
282,"[1226, 1228, 1230]"
283,"[1227, 1228, 1322]"
346,"[1229, 1231, 1233]"
347,"[1230, 1231, 1325]"
410,"[1232, 1234, 1236]"
411,"[1233, 1234, 1328]"
474,"[1235, 1237, 1239]"
475,"[1236, 1237, 1331]"
538,"[1238, 1240, 1242]"
539,"[1239, 1240, 1334]"
602,"[1241, 1243, 1245]"
603,"[1242, 1243, 1337]"
666,"[1244, 1246, 1248]"
667,"[1245, 1246, 1340]"
730,"[1247, 1249, 1251]"
731,"[1248, 1249, 1343]"
794,"[1250, 1252, 1254]"
795,"[1251, 1252, 1346]"
858,"[1253, 1255, 1257]"
859,"[1254, 1255, 1349]"
922,"[1256, 1258, 1260]"
923,"[1257, 1258, 1352]"
986,"[1259, 1261, 1263]"
987,"[1260, 1261, 1355]"
1050,"[1262, 1264, 1266]"
1051,"[1263, 1264, 1358]"
1114,"[1265, 1267, 1269]"
1115,"[1266, 1267, 1361]"
1178,"[1268, 1270, 1272]"
1179,"[1269, 1270, 1364]"
1242,"[1271, 1273, 1275]"
1243,"[1272, 1273, 1367]"
1306,"[1274, 1276, 1278]"
1307,"[1275, 1276, 1370]"
1370,"[1277, 1279, 1281]"
1371,"[1278, 1279, 1373]"
1434,"[1280, 1282, 1284]"
1435,"[1281, 1282, 1376]"
1498,"[1283, 1285, 1287]"
1499,"[1284, 1285, 1379]"
1562,"[1286, 1288, 1290]"
1563,"[1287, 1288, 1382]"
1626,"[1289, 1291, 1293]"
1627,"[1290, 1291, 1385]"
1690,"[1292, 1294, 1296]"
1691,"[1293, 1294, 1388]"
1754,"[1295, 1297, 1299]"
1755,"[1296, 1297, 1391]"
1818,"[1298, 1300, 1302]"
1819,"[1299, 1300, 1394]"
1882,"[1301, 1303, 1305]"
1883,"[1302, 1303, 1397]"
1946,"[1304, 1306, 1308]"
1947,"[1305, 1306, 1400]"
2010,"[1307, 1309, 1310]"
2011,"[1308, 1309, 1403]"
57,"[1310, 1311, 1312]"
56,"[1312, 1314, 1407]"
54,"[1313, 1315, 1317]"
55,"[1314, 1315, 1408]"
156,"[1316, 1318, 1320]"
58,"[1317, 1318, 1409]"
220,"[1319, 1321, 1323]"
157,"[1320, 1321, 1412]"
284,"[1322, 1324, 1326]"
221,"[1323, 1324, 1415]"
348,"[1325, 1327, 1329]"
285,"[1326, 1327, 1418]"
412,"[1328, 1330, 1332]"
349,"[1329, 1330, 1421]"
476,"[1331, 1333, 1335]"
413,"[1332, 1333, 1424]"
540,"[1334, 1336, 1338]"
477,"[1335, 1336, 1427]"
604,"[1337, 1339, 1341]"
541,"[1338, 1339, 1430]"
668,"[1340, 1342, 1344]"
605,"[1341, 1342, 1433]"
732,"[1343, 1345, 1347]"
669,"[1344, 1345, 1436]"
796,"[1346, 1348, 1350]"
733,"[1347, 1348, 1439]"
860,"[1349, 1351, 1353]"
797,"[1350, 1351, 1442]"
924,"[1352, 1354, 1356]"
861,"[1353, 1354, 1445]"
988,"[1355, 1357, 1359]"
925,"[1356, 1357, 1448]"
1052,"[1358, 1360, 1362]"
989,"[1359, 1360, 1451]"
1116,"[1361, 1363, 1365]"
1053,"[1362, 1363, 1454]"
1180,"[1364, 1366, 1368]"
1117,"[1365, 1366, 1457]"
1244,"[1367, 1369, 1371]"
1181,"[1368, 1369, 1460]"
1308,"[1370, 1372, 1374]"
1245,"[1371, 1372, 1463]"
1372,"[1373, 1375, 1377]"
1309,"[1374, 1375, 1466]"
1436,"[1376, 1378, 1380]"
1373,"[1377, 1378, 1469]"
1500,"[1379, 1381, 1383]"
1437,"[1380, 1381, 1472]"
1564,"[1382, 1384, 1386]"
1501,"[1383, 1384, 1475]"
1628,"[1385, 1387, 1389]"
1565,"[1386, 1387, 1478]"
1692,"[1388, 1390, 1392]"
1629,"[1389, 1390, 1481]"
1756,"[1391, 1393, 1395]"
1693,"[1392, 1393, 1484]"
1820,"[1394, 1396, 1398]"
1757,"[1395, 1396, 1487]"
1884,"[1397, 1399, 1401]"
1821,"[1398, 1399, 1490]"
1948,"[1400, 1402, 1404]"
1885,"[1401, 1402, 1493]"
2012,"[1403, 1405, 1406]"
1949,"[1404, 1405, 1496]"
2013,"[1406, 1407, 1499]"
61,"[1408, 1410, 1503]"
59,"[1409, 1411, 1413]"
60,"[1410, 1411, 1505]"
158,"[1412, 1414, 1416]"
159,"[1413, 1414, 1508]"
222,"[1415, 1417, 1419]"
223,"[1416, 1417, 1511]"
286,"[1418, 1420, 1422]"
287,"[1419, 1420, 1514]"
350,"[1421, 1423, 1425]"
351,"[1422, 1423, 1517]"
414,"[1424, 1426, 1428]"
415,"[1425, 1426, 1520]"
478,"[1427, 1429, 1431]"
479,"[1428, 1429, 1523]"
542,"[1430, 1432, 1434]"
543,"[1431, 1432, 1526]"
606,"[1433, 1435, 1437]"
607,"[1434, 1435, 1529]"
670,"[1436, 1438, 1440]"
671,"[1437, 1438, 1532]"
734,"[1439, 1441, 1443]"
735,"[1440, 1441, 1535]"
798,"[1442, 1444, 1446]"
799,"[1443, 1444, 1538]"
862,"[1445, 1447, 1449]"
863,"[1446, 1447, 1541]"
926,"[1448, 1450, 1452]"
927,"[1449, 1450, 1544]"
990,"[1451, 1453, 1455]"
991,"[1452, 1453, 1547]"
1054,"[1454, 1456, 1458]"
1055,"[1455, 1456, 1550]"
1118,"[1457, 1459, 1461]"
1119,"[1458, 1459, 1553]"
1182,"[1460, 1462, 1464]"
1183,"[1461, 1462, 1556]"
1246,"[1463, 1465, 1467]"
1247,"[1464, 1465, 1559]"
1310,"[1466, 1468, 1470]"
1311,"[1467, 1468, 1562]"
1374,"[1469, 1471, 1473]"
1375,"[1470, 1471, 1565]"
1438,"[1472, 1474, 1476]"
1439,"[1473, 1474, 1568]"
1502,"[1475, 1477, 1479]"
1503,"[1476, 1477, 1571]"
1566,"[1478, 1480, 1482]"
1567,"[1479, 1480, 1574]"
1630,"[1481, 1483, 1485]"
1631,"[1482, 1483, 1577]"
1694,"[1484, 1486, 1488]"
1695,"[1485, 1486, 1580]"
1758,"[1487, 1489, 1491]"
1759,"[1488, 1489, 1583]"
1822,"[1490, 1492, 1494]"
1823,"[1491, 1492, 1586]"
1886,"[1493, 1495, 1497]"
1887,"[1494, 1495, 1589]"
1950,"[1496, 1498, 1500]"
1951,"[1497, 1498, 1592]"
2014,"[1499, 1501, 1502]"
2015,"[1500, 1501, 1595]"
65,"[1502, 1503, 1504]"
64,"[1504, 1506, 1599]"
62,"[1505, 1507, 1509]"
63,"[1506, 1507, 1600]"
160,"[1508, 1510, 1512]"
66,"[1509, 1510, 1601]"
224,"[1511, 1513, 1515]"
161,"[1512, 1513, 1604]"
288,"[1514, 1516, 1518]"
225,"[1515, 1516, 1607]"
352,"[1517, 1519, 1521]"
289,"[1518, 1519, 1610]"
416,"[1520, 1522, 1524]"
353,"[1521, 1522, 1613]"
480,"[1523, 1525, 1527]"
417,"[1524, 1525, 1616]"
544,"[1526, 1528, 1530]"
481,"[1527, 1528, 1619]"
608,"[1529, 1531, 1533]"
545,"[1530, 1531, 1622]"
672,"[1532, 1534, 1536]"
609,"[1533, 1534, 1625]"
736,"[1535, 1537, 1539]"
673,"[1536, 1537, 1628]"
800,"[1538, 1540, 1542]"
737,"[1539, 1540, 1631]"
864,"[1541, 1543, 1545]"
801,"[1542, 1543, 1634]"
928,"[1544, 1546, 1548]"
865,"[1545, 1546, 1637]"
992,"[1547, 1549, 1551]"
929,"[1548, 1549, 1640]"
1056,"[1550, 1552, 1554]"
993,"[1551, 1552, 1643]"
1120,"[1553, 1555, 1557]"
1057,"[1554, 1555, 1646]"
1184,"[1556, 1558, 1560]"
1121,"[1557, 1558, 1649]"
1248,"[1559, 1561, 1563]"
1185,"[1560, 1561, 1652]"
1312,"[1562, 1564, 1566]"
1249,"[1563, 1564, 1655]"
1376,"[1565, 1567, 1569]"
1313,"[1566, 1567, 1658]"
1440,"[1568, 1570, 1572]"
1377,"[1569, 1570, 1661]"
1504,"[1571, 1573, 1575]"
1441,"[1572, 1573, 1664]"
1568,"[1574, 1576, 1578]"
1505,"[1575, 1576, 1667]"
1632,"[1577, 1579, 1581]"
1569,"[1578, 1579, 1670]"
1696,"[1580, 1582, 1584]"
1633,"[1581, 1582, 1673]"
1760,"[1583, 1585, 1587]"
1697,"[1584, 1585, 1676]"
1824,"[1586, 1588, 1590]"
1761,"[1587, 1588, 1679]"
1888,"[1589, 1591, 1593]"
1825,"[1590, 1591, 1682]"
1952,"[1592, 1594, 1596]"
1889,"[1593, 1594, 1685]"
2016,"[1595, 1597, 1598]"
1953,"[1596, 1597, 1688]"
2017,"[1598, 1599, 1691]"
69,"[1600, 1602, 1695]"
67,"[1601, 1603, 1605]"
68,"[1602, 1603, 1697]"
162,"[1604, 1606, 1608]"
163,"[1605, 1606, 1700]"
226,"[1607, 1609, 1611]"
227,"[1608, 1609, 1703]"
290,"[1610, 1612, 1614]"
291,"[1611, 1612, 1706]"
354,"[1613, 1615, 1617]"
355,"[1614, 1615, 1709]"
418,"[1616, 1618, 1620]"
419,"[1617, 1618, 1712]"
482,"[1619, 1621, 1623]"
483,"[1620, 1621, 1715]"
546,"[1622, 1624, 1626]"
547,"[1623, 1624, 1718]"
610,"[1625, 1627, 1629]"
611,"[1626, 1627, 1721]"
674,"[1628, 1630, 1632]"
675,"[1629, 1630, 1724]"
738,"[1631, 1633, 1635]"
739,"[1632, 1633, 1727]"
802,"[1634, 1636, 1638]"
803,"[1635, 1636, 1730]"
866,"[1637, 1639, 1641]"
867,"[1638, 1639, 1733]"
930,"[1640, 1642, 1644]"
931,"[1641, 1642, 1736]"
994,"[1643, 1645, 1647]"
995,"[1644, 1645, 1739]"
1058,"[1646, 1648, 1650]"
1059,"[1647, 1648, 1742]"
1122,"[1649, 1651, 1653]"
1123,"[1650, 1651, 1745]"
1186,"[1652, 1654, 1656]"
1187,"[1653, 1654, 1748]"
1250,"[1655, 1657, 1659]"
1251,"[1656, 1657, 1751]"
1314,"[1658, 1660, 1662]"
1315,"[1659, 1660, 1754]"
1378,"[1661, 1663, 1665]"
1379,"[1662, 1663, 1757]"
1442,"[1664, 1666, 1668]"
1443,"[1665, 1666, 1760]"
1506,"[1667, 1669, 1671]"
1507,"[1668, 1669, 1763]"
1570,"[1670, 1672, 1674]"
1571,"[1671, 1672, 1766]"
1634,"[1673, 1675, 1677]"
1635,"[1674, 1675, 1769]"
1698,"[1676, 1678, 1680]"
1699,"[1677, 1678, 1772]"
1762,"[1679, 1681, 1683]"
1763,"[1680, 1681, 1775]"
1826,"[1682, 1684, 1686]"
1827,"[1683, 1684, 1778]"
1890,"[1685, 1687, 1689]"
1891,"[1686, 1687, 1781]"
1954,"[1688, 1690, 1692]"
1955,"[1689, 1690, 1784]"
2018,"[1691, 1693, 1694]"
2019,"[1692, 1693, 1787]"
73,"[1694, 1695, 1696]"
72,"[1696, 1698, 1791]"
70,"[1697, 1699, 1701]"
71,"[1698, 1699, 1792]"
164,"[1700, 1702, 1704]"
74,"[1701, 1702, 1793]"
228,"[1703, 1705, 1707]"
165,"[1704, 1705, 1796]"
292,"[1706, 1708, 1710]"
229,"[1707, 1708, 1799]"
356,"[1709, 1711, 1713]"
293,"[1710, 1711, 1802]"
420,"[1712, 1714, 1716]"
357,"[1713, 1714, 1805]"
484,"[1715, 1717, 1719]"
421,"[1716, 1717, 1808]"
548,"[1718, 1720, 1722]"
485,"[1719, 1720, 1811]"
612,"[1721, 1723, 1725]"
549,"[1722, 1723, 1814]"
676,"[1724, 1726, 1728]"
613,"[1725, 1726, 1817]"
740,"[1727, 1729, 1731]"
677,"[1728, 1729, 1820]"
804,"[1730, 1732, 1734]"
741,"[1731, 1732, 1823]"
868,"[1733, 1735, 1737]"
805,"[1734, 1735, 1826]"
932,"[1736, 1738, 1740]"
869,"[1737, 1738, 1829]"
996,"[1739, 1741, 1743]"
933,"[1740, 1741, 1832]"
1060,"[1742, 1744, 1746]"
997,"[1743, 1744, 1835]"
1124,"[1745, 1747, 1749]"
1061,"[1746, 1747, 1838]"
1188,"[1748, 1750, 1752]"
1125,"[1749, 1750, 1841]"
1252,"[1751, 1753, 1755]"
1189,"[1752, 1753, 1844]"
1316,"[1754, 1756, 1758]"
1253,"[1755, 1756, 1847]"
1380,"[1757, 1759, 1761]"
1317,"[1758, 1759, 1850]"
1444,"[1760, 1762, 1764]"
1381,"[1761, 1762, 1853]"
1508,"[1763, 1765, 1767]"
1445,"[1764, 1765, 1856]"
1572,"[1766, 1768, 1770]"
1509,"[1767, 1768, 1859]"
1636,"[1769, 1771, 1773]"
1573,"[1770, 1771, 1862]"
1700,"[1772, 1774, 1776]"
1637,"[1773, 1774, 1865]"
1764,"[1775, 1777, 1779]"
1701,"[1776, 1777, 1868]"
1828,"[1778, 1780, 1782]"
1765,"[1779, 1780, 1871]"
1892,"[1781, 1783, 1785]"
1829,"[1782, 1783, 1874]"
1956,"[1784, 1786, 1788]"
1893,"[1785, 1786, 1877]"
2020,"[1787, 1789, 1790]"
1957,"[1788, 1789, 1880]"
2021,"[1790, 1791, 1883]"
77,"[1792, 1794, 1887]"
75,"[1793, 1795, 1797]"
76,"[1794, 1795, 1889]"
166,"[1796, 1798, 1800]"
167,"[1797, 1798, 1892]"
230,"[1799, 1801, 1803]"
231,"[1800, 1801, 1895]"
294,"[1802, 1804, 1806]"
295,"[1803, 1804, 1898]"
358,"[1805, 1807, 1809]"
359,"[1806, 1807, 1901]"
422,"[1808, 1810, 1812]"
423,"[1809, 1810, 1904]"
486,"[1811, 1813, 1815]"
487,"[1812, 1813, 1907]"
550,"[1814, 1816, 1818]"
551,"[1815, 1816, 1910]"
614,"[1817, 1819, 1821]"
615,"[1818, 1819, 1913]"
678,"[1820, 1822, 1824]"
679,"[1821, 1822, 1916]"
742,"[1823, 1825, 1827]"
743,"[1824, 1825, 1919]"
806,"[1826, 1828, 1830]"
807,"[1827, 1828, 1922]"
870,"[1829, 1831, 1833]"
871,"[1830, 1831, 1925]"
934,"[1832, 1834, 1836]"
935,"[1833, 1834, 1928]"
998,"[1835, 1837, 1839]"
999,"[1836, 1837, 1931]"
1062,"[1838, 1840, 1842]"
1063,"[1839, 1840, 1934]"
1126,"[1841, 1843, 1845]"
1127,"[1842, 1843, 1937]"
1190,"[1844, 1846, 1848]"
1191,"[1845, 1846, 1940]"
1254,"[1847, 1849, 1851]"
1255,"[1848, 1849, 1943]"
1318,"[1850, 1852, 1854]"
1319,"[1851, 1852, 1946]"
1382,"[1853, 1855, 1857]"
1383,"[1854, 1855, 1949]"
1446,"[1856, 1858, 1860]"
1447,"[1857, 1858, 1952]"
1510,"[1859, 1861, 1863]"
1511,"[1860, 1861, 1955]"
1574,"[1862, 1864, 1866]"
1575,"[1863, 1864, 1958]"
1638,"[1865, 1867, 1869]"
1639,"[1866, 1867, 1961]"
1702,"[1868, 1870, 1872]"
1703,"[1869, 1870, 1964]"
1766,"[1871, 1873, 1875]"
1767,"[1872, 1873, 1967]"
1830,"[1874, 1876, 1878]"
1831,"[1875, 1876, 1970]"
1894,"[1877, 1879, 1881]"
1895,"[1878, 1879, 1973]"
1958,"[1880, 1882, 1884]"
1959,"[1881, 1882, 1976]"
2022,"[1883, 1885, 1886]"
2023,"[1884, 1885, 1979]"
81,"[1886, 1887, 1888]"
80,"[1888, 1890, 1983]"
78,"[1889, 1891, 1893]"
79,"[1890, 1891, 1984]"
168,"[1892, 1894, 1896]"
82,"[1893, 1894, 1985]"
232,"[1895, 1897, 1899]"
169,"[1896, 1897, 1988]"
296,"[1898, 1900, 1902]"
233,"[1899, 1900, 1991]"
360,"[1901, 1903, 1905]"
297,"[1902, 1903, 1994]"
424,"[1904, 1906, 1908]"
361,"[1905, 1906, 1997]"
488,"[1907, 1909, 1911]"
425,"[1908, 1909, 2000]"
552,"[1910, 1912, 1914]"
489,"[1911, 1912, 2003]"
616,"[1913, 1915, 1917]"
553,"[1914, 1915, 2006]"
680,"[1916, 1918, 1920]"
617,"[1917, 1918, 2009]"
744,"[1919, 1921, 1923]"
681,"[1920, 1921, 2012]"
808,"[1922, 1924, 1926]"
745,"[1923, 1924, 2015]"
872,"[1925, 1927, 1929]"
809,"[1926, 1927, 2018]"
936,"[1928, 1930, 1932]"
873,"[1929, 1930, 2021]"
1000,"[1931, 1933, 1935]"
937,"[1932, 1933, 2024]"
1064,"[1934, 1936, 1938]"
1001,"[1935, 1936, 2027]"
1128,"[1937, 1939, 1941]"
1065,"[1938, 1939, 2030]"
1192,"[1940, 1942, 1944]"
1129,"[1941, 1942, 2033]"
1256,"[1943, 1945, 1947]"
1193,"[1944, 1945, 2036]"
1320,"[1946, 1948, 1950]"
1257,"[1947, 1948, 2039]"
1384,"[1949, 1951, 1953]"
1321,"[1950, 1951, 2042]"
1448,"[1952, 1954, 1956]"
1385,"[1953, 1954, 2045]"
1512,"[1955, 1957, 1959]"
1449,"[1956, 1957, 2048]"
1576,"[1958, 1960, 1962]"
1513,"[1959, 1960, 2051]"
1640,"[1961, 1963, 1965]"
1577,"[1962, 1963, 2054]"
1704,"[1964, 1966, 1968]"
1641,"[1965, 1966, 2057]"
1768,"[1967, 1969, 1971]"
1705,"[1968, 1969, 2060]"
1832,"[1970, 1972, 1974]"
1769,"[1971, 1972, 2063]"
1896,"[1973, 1975, 1977]"
1833,"[1974, 1975, 2066]"
1960,"[1976, 1978, 1980]"
1897,"[1977, 1978, 2069]"
2024,"[1979, 1981, 1982]"
1961,"[1980, 1981, 2072]"
2025,"[1982, 1983, 2075]"
85,"[1984, 1986, 2079]"
83,"[1985, 1987, 1989]"
84,"[1986, 1987, 2081]"
170,"[1988, 1990, 1992]"
171,"[1989, 1990, 2084]"
234,"[1991, 1993, 1995]"
235,"[1992, 1993, 2087]"
298,"[1994, 1996, 1998]"
299,"[1995, 1996, 2090]"
362,"[1997, 1999, 2001]"
363,"[1998, 1999, 2093]"
426,"[2000, 2002, 2004]"
427,"[2001, 2002, 2096]"
490,"[2003, 2005, 2007]"
491,"[2004, 2005, 2099]"
554,"[2006, 2008, 2010]"
555,"[2007, 2008, 2102]"
618,"[2009, 2011, 2013]"
619,"[2010, 2011, 2105]"
682,"[2012, 2014, 2016]"
683,"[2013, 2014, 2108]"
746,"[2015, 2017, 2019]"
747,"[2016, 2017, 2111]"
810,"[2018, 2020, 2022]"
811,"[2019, 2020, 2114]"
874,"[2021, 2023, 2025]"
875,"[2022, 2023, 2117]"
938,"[2024, 2026, 2028]"
939,"[2025, 2026, 2120]"
1002,"[2027, 2029, 2031]"
1003,"[2028, 2029, 2123]"
1066,"[2030, 2032, 2034]"
1067,"[2031, 2032, 2126]"
1130,"[2033, 2035, 2037]"
1131,"[2034, 2035, 2129]"
1194,"[2036, 2038, 2040]"
1195,"[2037, 2038, 2132]"
1258,"[2039, 2041, 2043]"
1259,"[2040, 2041, 2135]"
1322,"[2042, 2044, 2046]"
1323,"[2043, 2044, 2138]"
1386,"[2045, 2047, 2049]"
1387,"[2046, 2047, 2141]"
1450,"[2048, 2050, 2052]"
1451,"[2049, 2050, 2144]"
1514,"[2051, 2053, 2055]"
1515,"[2052, 2053, 2147]"
1578,"[2054, 2056, 2058]"
1579,"[2055, 2056, 2150]"
1642,"[2057, 2059, 2061]"
1643,"[2058, 2059, 2153]"
1706,"[2060, 2062, 2064]"
1707,"[2061, 2062, 2156]"
1770,"[2063, 2065, 2067]"
1771,"[2064, 2065, 2159]"
1834,"[2066, 2068, 2070]"
1835,"[2067, 2068, 2162]"
1898,"[2069, 2071, 2073]"
1899,"[2070, 2071, 2165]"
1962,"[2072, 2074, 2076]"
1963,"[2073, 2074, 2168]"
2026,"[2075, 2077, 2078]"
2027,"[2076, 2077, 2171]"
89,"[2078, 2079, 2080]"
88,"[2080, 2082, 2175]"
86,"[2081, 2083, 2085]"
87,"[2082, 2083, 2176]"
172,"[2084, 2086, 2088]"
90,"[2085, 2086, 2177]"
236,"[2087, 2089, 2091]"
173,"[2088, 2089, 2180]"
300,"[2090, 2092, 2094]"
237,"[2091, 2092, 2183]"
364,"[2093, 2095, 2097]"
301,"[2094, 2095, 2186]"
428,"[2096, 2098, 2100]"
365,"[2097, 2098, 2189]"
492,"[2099, 2101, 2103]"
429,"[2100, 2101, 2192]"
556,"[2102, 2104, 2106]"
493,"[2103, 2104, 2195]"
620,"[2105, 2107, 2109]"
557,"[2106, 2107, 2198]"
684,"[2108, 2110, 2112]"
621,"[2109, 2110, 2201]"
748,"[2111, 2113, 2115]"
685,"[2112, 2113, 2204]"
812,"[2114, 2116, 2118]"
749,"[2115, 2116, 2207]"
876,"[2117, 2119, 2121]"
813,"[2118, 2119, 2210]"
940,"[2120, 2122, 2124]"
877,"[2121, 2122, 2213]"
1004,"[2123, 2125, 2127]"
941,"[2124, 2125, 2216]"
1068,"[2126, 2128, 2130]"
1005,"[2127, 2128, 2219]"
1132,"[2129, 2131, 2133]"
1069,"[2130, 2131, 2222]"
1196,"[2132, 2134, 2136]"
1133,"[2133, 2134, 2225]"
1260,"[2135, 2137, 2139]"
1197,"[2136, 2137, 2228]"
1324,"[2138, 2140, 2142]"
1261,"[2139, 2140, 2231]"
1388,"[2141, 2143, 2145]"
1325,"[2142, 2143, 2234]"
1452,"[2144, 2146, 2148]"
1389,"[2145, 2146, 2237]"
1516,"[2147, 2149, 2151]"
1453,"[2148, 2149, 2240]"
1580,"[2150, 2152, 2154]"
1517,"[2151, 2152, 2243]"
1644,"[2153, 2155, 2157]"
1581,"[2154, 2155, 2246]"
1708,"[2156, 2158, 2160]"
1645,"[2157, 2158, 2249]"
1772,"[2159, 2161, 2163]"
1709,"[2160, 2161, 2252]"
1836,"[2162, 2164, 2166]"
1773,"[2163, 2164, 2255]"
1900,"[2165, 2167, 2169]"
1837,"[2166, 2167, 2258]"
1964,"[2168, 2170, 2172]"
1901,"[2169, 2170, 2261]"
2028,"[2171, 2173, 2174]"
1965,"[2172, 2173, 2264]"
2029,"[2174, 2175, 2267]"
93,"[2176, 2178, 2271]"
91,"[2177, 2179, 2181]"
92,"[2178, 2179, 2273]"
174,"[2180, 2182, 2184]"
175,"[2181, 2182, 2276]"
238,"[2183, 2185, 2187]"
239,"[2184, 2185, 2279]"
302,"[2186, 2188, 2190]"
303,"[2187, 2188, 2282]"
366,"[2189, 2191, 2193]"
367,"[2190, 2191, 2285]"
430,"[2192, 2194, 2196]"
431,"[2193, 2194, 2288]"
494,"[2195, 2197, 2199]"
495,"[2196, 2197, 2291]"
558,"[2198, 2200, 2202]"
559,"[2199, 2200, 2294]"
622,"[2201, 2203, 2205]"
623,"[2202, 2203, 2297]"
686,"[2204, 2206, 2208]"
687,"[2205, 2206, 2300]"
750,"[2207, 2209, 2211]"
751,"[2208, 2209, 2303]"
814,"[2210, 2212, 2214]"
815,"[2211, 2212, 2306]"
878,"[2213, 2215, 2217]"
879,"[2214, 2215, 2309]"
942,"[2216, 2218, 2220]"
943,"[2217, 2218, 2312]"
1006,"[2219, 2221, 2223]"
1007,"[2220, 2221, 2315]"
1070,"[2222, 2224, 2226]"
1071,"[2223, 2224, 2318]"
1134,"[2225, 2227, 2229]"
1135,"[2226, 2227, 2321]"
1198,"[2228, 2230, 2232]"
1199,"[2229, 2230, 2324]"
1262,"[2231, 2233, 2235]"
1263,"[2232, 2233, 2327]"
1326,"[2234, 2236, 2238]"
1327,"[2235, 2236, 2330]"
1390,"[2237, 2239, 2241]"
1391,"[2238, 2239, 2333]"
1454,"[2240, 2242, 2244]"
1455,"[2241, 2242, 2336]"
1518,"[2243, 2245, 2247]"
1519,"[2244, 2245, 2339]"
1582,"[2246, 2248, 2250]"
1583,"[2247, 2248, 2342]"
1646,"[2249, 2251, 2253]"
1647,"[2250, 2251, 2345]"
1710,"[2252, 2254, 2256]"
1711,"[2253, 2254, 2348]"
1774,"[2255, 2257, 2259]"
1775,"[2256, 2257, 2351]"
1838,"[2258, 2260, 2262]"
1839,"[2259, 2260, 2354]"
1902,"[2261, 2263, 2265]"
1903,"[2262, 2263, 2357]"
1966,"[2264, 2266, 2268]"
1967,"[2265, 2266, 2360]"
2030,"[2267, 2269, 2270]"
2031,"[2268, 2269, 2363]"
97,"[2270, 2271, 2272]"
96,"[2272, 2274, 2367]"
94,"[2273, 2275, 2277]"
95,"[2274, 2275, 2368]"
176,"[2276, 2278, 2280]"
98,"[2277, 2278, 2369]"
240,"[2279, 2281, 2283]"
177,"[2280, 2281, 2372]"
304,"[2282, 2284, 2286]"
241,"[2283, 2284, 2375]"
368,"[2285, 2287, 2289]"
305,"[2286, 2287, 2378]"
432,"[2288, 2290, 2292]"
369,"[2289, 2290, 2381]"
496,"[2291, 2293, 2295]"
433,"[2292, 2293, 2384]"
560,"[2294, 2296, 2298]"
497,"[2295, 2296, 2387]"
624,"[2297, 2299, 2301]"
561,"[2298, 2299, 2390]"
688,"[2300, 2302, 2304]"
625,"[2301, 2302, 2393]"
752,"[2303, 2305, 2307]"
689,"[2304, 2305, 2396]"
816,"[2306, 2308, 2310]"
753,"[2307, 2308, 2399]"
880,"[2309, 2311, 2313]"
817,"[2310, 2311, 2402]"
944,"[2312, 2314, 2316]"
881,"[2313, 2314, 2405]"
1008,"[2315, 2317, 2319]"
945,"[2316, 2317, 2408]"
1072,"[2318, 2320, 2322]"
1009,"[2319, 2320, 2411]"
1136,"[2321, 2323, 2325]"
1073,"[2322, 2323, 2414]"
1200,"[2324, 2326, 2328]"
1137,"[2325, 2326, 2417]"
1264,"[2327, 2329, 2331]"
1201,"[2328, 2329, 2420]"
1328,"[2330, 2332, 2334]"
1265,"[2331, 2332, 2423]"
1392,"[2333, 2335, 2337]"
1329,"[2334, 2335, 2426]"
1456,"[2336, 2338, 2340]"
1393,"[2337, 2338, 2429]"
1520,"[2339, 2341, 2343]"
1457,"[2340, 2341, 2432]"
1584,"[2342, 2344, 2346]"
1521,"[2343, 2344, 2435]"
1648,"[2345, 2347, 2349]"
1585,"[2346, 2347, 2438]"
1712,"[2348, 2350, 2352]"
1649,"[2349, 2350, 2441]"
1776,"[2351, 2353, 2355]"
1713,"[2352, 2353, 2444]"
1840,"[2354, 2356, 2358]"
1777,"[2355, 2356, 2447]"
1904,"[2357, 2359, 2361]"
1841,"[2358, 2359, 2450]"
1968,"[2360, 2362, 2364]"
1905,"[2361, 2362, 2453]"
2032,"[2363, 2365, 2366]"
1969,"[2364, 2365, 2456]"
2033,"[2366, 2367, 2459]"
101,"[2368, 2370, 2463]"
99,"[2369, 2371, 2373]"
100,"[2370, 2371, 2465]"
178,"[2372, 2374, 2376]"
179,"[2373, 2374, 2468]"
242,"[2375, 2377, 2379]"
243,"[2376, 2377, 2471]"
306,"[2378, 2380, 2382]"
307,"[2379, 2380, 2474]"
370,"[2381, 2383, 2385]"
371,"[2382, 2383, 2477]"
434,"[2384, 2386, 2388]"
435,"[2385, 2386, 2480]"
498,"[2387, 2389, 2391]"
499,"[2388, 2389, 2483]"
562,"[2390, 2392, 2394]"
563,"[2391, 2392, 2486]"
626,"[2393, 2395, 2397]"
627,"[2394, 2395, 2489]"
690,"[2396, 2398, 2400]"
691,"[2397, 2398, 2492]"
754,"[2399, 2401, 2403]"
755,"[2400, 2401, 2495]"
818,"[2402, 2404, 2406]"
819,"[2403, 2404, 2498]"
882,"[2405, 2407, 2409]"
883,"[2406, 2407, 2501]"
946,"[2408, 2410, 2412]"
947,"[2409, 2410, 2504]"
1010,"[2411, 2413, 2415]"
1011,"[2412, 2413, 2507]"
1074,"[2414, 2416, 2418]"
1075,"[2415, 2416, 2510]"
1138,"[2417, 2419, 2421]"
1139,"[2418, 2419, 2513]"
1202,"[2420, 2422, 2424]"
1203,"[2421, 2422, 2516]"
1266,"[2423, 2425, 2427]"
1267,"[2424, 2425, 2519]"
1330,"[2426, 2428, 2430]"
1331,"[2427, 2428, 2522]"
1394,"[2429, 2431, 2433]"
1395,"[2430, 2431, 2525]"
1458,"[2432, 2434, 2436]"
1459,"[2433, 2434, 2528]"
1522,"[2435, 2437, 2439]"
1523,"[2436, 2437, 2531]"
1586,"[2438, 2440, 2442]"
1587,"[2439, 2440, 2534]"
1650,"[2441, 2443, 2445]"
1651,"[2442, 2443, 2537]"
1714,"[2444, 2446, 2448]"
1715,"[2445, 2446, 2540]"
1778,"[2447, 2449, 2451]"
1779,"[2448, 2449, 2543]"
1842,"[2450, 2452, 2454]"
1843,"[2451, 2452, 2546]"
1906,"[2453, 2455, 2457]"
1907,"[2454, 2455, 2549]"
1970,"[2456, 2458, 2460]"
1971,"[2457, 2458, 2552]"
2034,"[2459, 2461, 2462]"
2035,"[2460, 2461, 2555]"
105,"[2462, 2463, 2464]"
104,"[2464, 2466, 2559]"
102,"[2465, 2467, 2469]"
103,"[2466, 2467, 2560]"
180,"[2468, 2470, 2472]"
106,"[2469, 2470, 2561]"
244,"[2471, 2473, 2475]"
181,"[2472, 2473, 2564]"
308,"[2474, 2476, 2478]"
245,"[2475, 2476, 2567]"
372,"[2477, 2479, 2481]"
309,"[2478, 2479, 2570]"
436,"[2480, 2482, 2484]"
373,"[2481, 2482, 2573]"
500,"[2483, 2485, 2487]"
437,"[2484, 2485, 2576]"
564,"[2486, 2488, 2490]"
501,"[2487, 2488, 2579]"
628,"[2489, 2491, 2493]"
565,"[2490, 2491, 2582]"
692,"[2492, 2494, 2496]"
629,"[2493, 2494, 2585]"
756,"[2495, 2497, 2499]"
693,"[2496, 2497, 2588]"
820,"[2498, 2500, 2502]"
757,"[2499, 2500, 2591]"
884,"[2501, 2503, 2505]"
821,"[2502, 2503, 2594]"
948,"[2504, 2506, 2508]"
885,"[2505, 2506, 2597]"
1012,"[2507, 2509, 2511]"
949,"[2508, 2509, 2600]"
1076,"[2510, 2512, 2514]"
1013,"[2511, 2512, 2603]"
1140,"[2513, 2515, 2517]"
1077,"[2514, 2515, 2606]"
1204,"[2516, 2518, 2520]"
1141,"[2517, 2518, 2609]"
1268,"[2519, 2521, 2523]"
1205,"[2520, 2521, 2612]"
1332,"[2522, 2524, 2526]"
1269,"[2523, 2524, 2615]"
1396,"[2525, 2527, 2529]"
1333,"[2526, 2527, 2618]"
1460,"[2528, 2530, 2532]"
1397,"[2529, 2530, 2621]"
1524,"[2531, 2533, 2535]"
1461,"[2532, 2533, 2624]"
1588,"[2534, 2536, 2538]"
1525,"[2535, 2536, 2627]"
1652,"[2537, 2539, 2541]"
1589,"[2538, 2539, 2630]"
1716,"[2540, 2542, 2544]"
1653,"[2541, 2542, 2633]"
1780,"[2543, 2545, 2547]"
1717,"[2544, 2545, 2636]"
1844,"[2546, 2548, 2550]"
1781,"[2547, 2548, 2639]"
1908,"[2549, 2551, 2553]"
1845,"[2550, 2551, 2642]"
1972,"[2552, 2554, 2556]"
1909,"[2553, 2554, 2645]"
2036,"[2555, 2557, 2558]"
1973,"[2556, 2557, 2648]"
2037,"[2558, 2559, 2651]"
109,"[2560, 2562, 2655]"
107,"[2561, 2563, 2565]"
108,"[2562, 2563, 2657]"
182,"[2564, 2566, 2568]"
183,"[2565, 2566, 2660]"
246,"[2567, 2569, 2571]"
247,"[2568, 2569, 2663]"
310,"[2570, 2572, 2574]"
311,"[2571, 2572, 2666]"
374,"[2573, 2575, 2577]"
375,"[2574, 2575, 2669]"
438,"[2576, 2578, 2580]"
439,"[2577, 2578, 2672]"
502,"[2579, 2581, 2583]"
503,"[2580, 2581, 2675]"
566,"[2582, 2584, 2586]"
567,"[2583, 2584, 2678]"
630,"[2585, 2587, 2589]"
631,"[2586, 2587, 2681]"
694,"[2588, 2590, 2592]"
695,"[2589, 2590, 2684]"
758,"[2591, 2593, 2595]"
759,"[2592, 2593, 2687]"
822,"[2594, 2596, 2598]"
823,"[2595, 2596, 2690]"
886,"[2597, 2599, 2601]"
887,"[2598, 2599, 2693]"
950,"[2600, 2602, 2604]"
951,"[2601, 2602, 2696]"
1014,"[2603, 2605, 2607]"
1015,"[2604, 2605, 2699]"
1078,"[2606, 2608, 2610]"
1079,"[2607, 2608, 2702]"
1142,"[2609, 2611, 2613]"
1143,"[2610, 2611, 2705]"
1206,"[2612, 2614, 2616]"
1207,"[2613, 2614, 2708]"
1270,"[2615, 2617, 2619]"
1271,"[2616, 2617, 2711]"
1334,"[2618, 2620, 2622]"
1335,"[2619, 2620, 2714]"
1398,"[2621, 2623, 2625]"
1399,"[2622, 2623, 2717]"
1462,"[2624, 2626, 2628]"
1463,"[2625, 2626, 2720]"
1526,"[2627, 2629, 2631]"
1527,"[2628, 2629, 2723]"
1590,"[2630, 2632, 2634]"
1591,"[2631, 2632, 2726]"
1654,"[2633, 2635, 2637]"
1655,"[2634, 2635, 2729]"
1718,"[2636, 2638, 2640]"
1719,"[2637, 2638, 2732]"
1782,"[2639, 2641, 2643]"
1783,"[2640, 2641, 2735]"
1846,"[2642, 2644, 2646]"
1847,"[2643, 2644, 2738]"
1910,"[2645, 2647, 2649]"
1911,"[2646, 2647, 2741]"
1974,"[2648, 2650, 2652]"
1975,"[2649, 2650, 2744]"
2038,"[2651, 2653, 2654]"
2039,"[2652, 2653, 2747]"
113,"[2654, 2655, 2656]"
112,"[2656, 2658, 2751]"
110,"[2657, 2659, 2661]"
111,"[2658, 2659, 2752]"
184,"[2660, 2662, 2664]"
114,"[2661, 2662, 2753]"
248,"[2663, 2665, 2667]"
185,"[2664, 2665, 2756]"
312,"[2666, 2668, 2670]"
249,"[2667, 2668, 2759]"
376,"[2669, 2671, 2673]"
313,"[2670, 2671, 2762]"
440,"[2672, 2674, 2676]"
377,"[2673, 2674, 2765]"
504,"[2675, 2677, 2679]"
441,"[2676, 2677, 2768]"
568,"[2678, 2680, 2682]"
505,"[2679, 2680, 2771]"
632,"[2681, 2683, 2685]"
569,"[2682, 2683, 2774]"
696,"[2684, 2686, 2688]"
633,"[2685, 2686, 2777]"
760,"[2687, 2689, 2691]"
697,"[2688, 2689, 2780]"
824,"[2690, 2692, 2694]"
761,"[2691, 2692, 2783]"
888,"[2693, 2695, 2697]"
825,"[2694, 2695, 2786]"
952,"[2696, 2698, 2700]"
889,"[2697, 2698, 2789]"
1016,"[2699, 2701, 2703]"
953,"[2700, 2701, 2792]"
1080,"[2702, 2704, 2706]"
1017,"[2703, 2704, 2795]"
1144,"[2705, 2707, 2709]"
1081,"[2706, 2707, 2798]"
1208,"[2708, 2710, 2712]"
1145,"[2709, 2710, 2801]"
1272,"[2711, 2713, 2715]"
1209,"[2712, 2713, 2804]"
1336,"[2714, 2716, 2718]"
1273,"[2715, 2716, 2807]"
1400,"[2717, 2719, 2721]"
1337,"[2718, 2719, 2810]"
1464,"[2720, 2722, 2724]"
1401,"[2721, 2722, 2813]"
1528,"[2723, 2725, 2727]"
1465,"[2724, 2725, 2816]"
1592,"[2726, 2728, 2730]"
1529,"[2727, 2728, 2819]"
1656,"[2729, 2731, 2733]"
1593,"[2730, 2731, 2822]"
1720,"[2732, 2734, 2736]"
1657,"[2733, 2734, 2825]"
1784,"[2735, 2737, 2739]"
1721,"[2736, 2737, 2828]"
1848,"[2738, 2740, 2742]"
1785,"[2739, 2740, 2831]"
1912,"[2741, 2743, 2745]"
1849,"[2742, 2743, 2834]"
1976,"[2744, 2746, 2748]"
1913,"[2745, 2746, 2837]"
2040,"[2747, 2749, 2750]"
1977,"[2748, 2749, 2840]"
2041,"[2750, 2751, 2843]"
117,"[2752, 2754, 2847]"
115,"[2753, 2755, 2757]"
116,"[2754, 2755, 2849]"
186,"[2756, 2758, 2760]"
187,"[2757, 2758, 2852]"
250,"[2759, 2761, 2763]"
251,"[2760, 2761, 2855]"
314,"[2762, 2764, 2766]"
315,"[2763, 2764, 2858]"
378,"[2765, 2767, 2769]"
379,"[2766, 2767, 2861]"
442,"[2768, 2770, 2772]"
443,"[2769, 2770, 2864]"
506,"[2771, 2773, 2775]"
507,"[2772, 2773, 2867]"
570,"[2774, 2776, 2778]"
571,"[2775, 2776, 2870]"
634,"[2777, 2779, 2781]"
635,"[2778, 2779, 2873]"
698,"[2780, 2782, 2784]"
699,"[2781, 2782, 2876]"
762,"[2783, 2785, 2787]"
763,"[2784, 2785, 2879]"
826,"[2786, 2788, 2790]"
827,"[2787, 2788, 2882]"
890,"[2789, 2791, 2793]"
891,"[2790, 2791, 2885]"
954,"[2792, 2794, 2796]"
955,"[2793, 2794, 2888]"
1018,"[2795, 2797, 2799]"
1019,"[2796, 2797, 2891]"
1082,"[2798, 2800, 2802]"
1083,"[2799, 2800, 2894]"
1146,"[2801, 2803, 2805]"
1147,"[2802, 2803, 2897]"
1210,"[2804, 2806, 2808]"
1211,"[2805, 2806, 2900]"
1274,"[2807, 2809, 2811]"
1275,"[2808, 2809, 2903]"
1338,"[2810, 2812, 2814]"
1339,"[2811, 2812, 2906]"
1402,"[2813, 2815, 2817]"
1403,"[2814, 2815, 2909]"
1466,"[2816, 2818, 2820]"
1467,"[2817, 2818, 2912]"
1530,"[2819, 2821, 2823]"
1531,"[2820, 2821, 2915]"
1594,"[2822, 2824, 2826]"
1595,"[2823, 2824, 2918]"
1658,"[2825, 2827, 2829]"
1659,"[2826, 2827, 2921]"
1722,"[2828, 2830, 2832]"
1723,"[2829, 2830, 2924]"
1786,"[2831, 2833, 2835]"
1787,"[2832, 2833, 2927]"
1850,"[2834, 2836, 2838]"
1851,"[2835, 2836, 2930]"
1914,"[2837, 2839, 2841]"
1915,"[2838, 2839, 2933]"
1978,"[2840, 2842, 2844]"
1979,"[2841, 2842, 2936]"
2042,"[2843, 2845, 2846]"
2043,"[2844, 2845, 2939]"
121,"[2846, 2847, 2848]"
120,"[2848, 2850, 2943]"
118,"[2849, 2851, 2853]"
119,"[2850, 2851, 2944]"
188,"[2852, 2854, 2856]"
122,"[2853, 2854, 2945]"
252,"[2855, 2857, 2859]"
189,"[2856, 2857, 2948]"
316,"[2858, 2860, 2862]"
253,"[2859, 2860, 2951]"
380,"[2861, 2863, 2865]"
317,"[2862, 2863, 2954]"
444,"[2864, 2866, 2868]"
381,"[2865, 2866, 2957]"
508,"[2867, 2869, 2871]"
445,"[2868, 2869, 2960]"
572,"[2870, 2872, 2874]"
509,"[2871, 2872, 2963]"
636,"[2873, 2875, 2877]"
573,"[2874, 2875, 2966]"
700,"[2876, 2878, 2880]"
637,"[2877, 2878, 2969]"
764,"[2879, 2881, 2883]"
701,"[2880, 2881, 2972]"
828,"[2882, 2884, 2886]"
765,"[2883, 2884, 2975]"
892,"[2885, 2887, 2889]"
829,"[2886, 2887, 2978]"
956,"[2888, 2890, 2892]"
893,"[2889, 2890, 2981]"
1020,"[2891, 2893, 2895]"
957,"[2892, 2893, 2984]"
1084,"[2894, 2896, 2898]"
1021,"[2895, 2896, 2987]"
1148,"[2897, 2899, 2901]"
1085,"[2898, 2899, 2990]"
1212,"[2900, 2902, 2904]"
1149,"[2901, 2902, 2993]"
1276,"[2903, 2905, 2907]"
1213,"[2904, 2905, 2996]"
1340,"[2906, 2908, 2910]"
1277,"[2907, 2908, 2999]"
1404,"[2909, 2911, 2913]"
1341,"[2910, 2911, 3002]"
1468,"[2912, 2914, 2916]"
1405,"[2913, 2914, 3005]"
1532,"[2915, 2917, 2919]"
1469,"[2916, 2917, 3008]"
1596,"[2918, 2920, 2922]"
1533,"[2919, 2920, 3011]"
1660,"[2921, 2923, 2925]"
1597,"[2922, 2923, 3014]"
1724,"[2924, 2926, 2928]"
1661,"[2925, 2926, 3017]"
1788,"[2927, 2929, 2931]"
1725,"[2928, 2929, 3020]"
1852,"[2930, 2932, 2934]"
1789,"[2931, 2932, 3023]"
1916,"[2933, 2935, 2937]"
1853,"[2934, 2935, 3026]"
1980,"[2936, 2938, 2940]"
1917,"[2937, 2938, 3029]"
2044,"[2939, 2941, 2942]"
1981,"[2940, 2941, 3032]"
2045,"[2942, 2943, 3035]"
125,"[2944, 2946, 3039]"
123,"[2945, 2947, 2949]"
124,"[2946, 2947, 3041]"
190,"[2948, 2950, 2952]"
191,"[2949, 2950, 3042]"
254,"[2951, 2953, 2955]"
255,"[2952, 2953, 3043]"
318,"[2954, 2956, 2958]"
319,"[2955, 2956, 3044]"
382,"[2957, 2959, 2961]"
383,"[2958, 2959, 3045]"
446,"[2960, 2962, 2964]"
447,"[2961, 2962, 3046]"
510,"[2963, 2965, 2967]"
511,"[2964, 2965, 3047]"
574,"[2966, 2968, 2970]"
575,"[2967, 2968, 3048]"
638,"[2969, 2971, 2973]"
639,"[2970, 2971, 3049]"
702,"[2972, 2974, 2976]"
703,"[2973, 2974, 3050]"
766,"[2975, 2977, 2979]"
767,"[2976, 2977, 3051]"
830,"[2978, 2980, 2982]"
831,"[2979, 2980, 3052]"
894,"[2981, 2983, 2985]"
895,"[2982, 2983, 3053]"
958,"[2984, 2986, 2988]"
959,"[2985, 2986, 3054]"
1022,"[2987, 2989, 2991]"
1023,"[2988, 2989, 3055]"
1086,"[2990, 2992, 2994]"
1087,"[2991, 2992, 3056]"
1150,"[2993, 2995, 2997]"
1151,"[2994, 2995, 3057]"
1214,"[2996, 2998, 3000]"
1215,"[2997, 2998, 3058]"
1278,"[2999, 3001, 3003]"
1279,"[3000, 3001, 3059]"
1342,"[3002, 3004, 3006]"
1343,"[3003, 3004, 3060]"
1406,"[3005, 3007, 3009]"
1407,"[3006, 3007, 3061]"
1470,"[3008, 3010, 3012]"
1471,"[3009, 3010, 3062]"
1534,"[3011, 3013, 3015]"
1535,"[3012, 3013, 3063]"
1598,"[3014, 3016, 3018]"
1599,"[3015, 3016, 3064]"
1662,"[3017, 3019, 3021]"
1663,"[3018, 3019, 3065]"
1726,"[3020, 3022, 3024]"
1727,"[3021, 3022, 3066]"
1790,"[3023, 3025, 3027]"
1791,"[3024, 3025, 3067]"
1854,"[3026, 3028, 3030]"
1855,"[3027, 3028, 3068]"
1918,"[3029, 3031, 3033]"
1919,"[3030, 3031, 3069]"
1982,"[3032, 3034, 3036]"
1983,"[3033, 3034, 3070]"
2046,"[3035, 3037, 3038]"
2047,"[3036, 3037, 3071]"
127,"[3038, 3039, 3040]"
