0,"(870, 0)"
1,"(871, 0)"
2,"(29, 0)"
3,"(1, 0)"
4,"(30, 0)"
5,"(31, 0)"
6,"(871, 1)"
7,"(872, 1)"
8,"(2, 1)"
9,"(31, 1)"
10,"(32, 1)"
11,"(872, 2)"
12,"(873, 2)"
13,"(3, 2)"
14,"(32, 2)"
15,"(33, 2)"
16,"(873, 3)"
17,"(874, 3)"
18,"(4, 3)"
19,"(33, 3)"
20,"(34, 3)"
21,"(874, 4)"
22,"(875, 4)"
23,"(5, 4)"
24,"(34, 4)"
25,"(35, 4)"
26,"(875, 5)"
27,"(876, 5)"
28,"(6, 5)"
29,"(35, 5)"
30,"(36, 5)"
31,"(876, 6)"
32,"(877, 6)"
33,"(7, 6)"
34,"(36, 6)"
35,"(37, 6)"
36,"(877, 7)"
37,"(878, 7)"
38,"(8, 7)"
39,"(37, 7)"
40,"(38, 7)"
41,"(878, 8)"
42,"(879, 8)"
43,"(9, 8)"
44,"(38, 8)"
45,"(39, 8)"
46,"(879, 9)"
47,"(880, 9)"
48,"(10, 9)"
49,"(39, 9)"
50,"(40, 9)"
51,"(880, 10)"
52,"(881, 10)"
53,"(11, 10)"
54,"(40, 10)"
55,"(41, 10)"
56,"(881, 11)"
57,"(882, 11)"
58,"(12, 11)"
59,"(41, 11)"
60,"(42, 11)"
61,"(882, 12)"
62,"(883, 12)"
63,"(13, 12)"
64,"(42, 12)"
65,"(43, 12)"
66,"(883, 13)"
67,"(884, 13)"
68,"(14, 13)"
69,"(43, 13)"
70,"(44, 13)"
71,"(884, 14)"
72,"(885, 14)"
73,"(15, 14)"
74,"(44, 14)"
75,"(45, 14)"
76,"(885, 15)"
77,"(886, 15)"
78,"(16, 15)"
79,"(45, 15)"
80,"(46, 15)"
81,"(886, 16)"
82,"(887, 16)"
83,"(17, 16)"
84,"(46, 16)"
85,"(47, 16)"
86,"(887, 17)"
87,"(888, 17)"
88,"(18, 17)"
89,"(47, 17)"
90,"(48, 17)"
91,"(888, 18)"
92,"(889, 18)"
93,"(19, 18)"
94,"(48, 18)"
95,"(49, 18)"
96,"(889, 19)"
97,"(890, 19)"
98,"(20, 19)"
99,"(49, 19)"
100,"(50, 19)"
101,"(890, 20)"
102,"(891, 20)"
103,"(21, 20)"
104,"(50, 20)"
105,"(51, 20)"
106,"(891, 21)"
107,"(892, 21)"
108,"(22, 21)"
109,"(51, 21)"
110,"(52, 21)"
111,"(892, 22)"
112,"(893, 22)"
113,"(23, 22)"
114,"(52, 22)"
115,"(53, 22)"
116,"(893, 23)"
117,"(894, 23)"
118,"(24, 23)"
119,"(53, 23)"
120,"(54, 23)"
121,"(894, 24)"
122,"(895, 24)"
123,"(25, 24)"
124,"(54, 24)"
125,"(55, 24)"
126,"(895, 25)"
127,"(896, 25)"
128,"(26, 25)"
129,"(55, 25)"
130,"(56, 25)"
131,"(896, 26)"
132,"(897, 26)"
133,"(27, 26)"
134,"(56, 26)"
135,"(57, 26)"
136,"(897, 27)"
137,"(898, 27)"
138,"(28, 27)"
139,"(57, 27)"
140,"(58, 27)"
141,"(898, 28)"
142,"(899, 28)"
143,"(29, 28)"
144,"(58, 28)"
145,"(59, 28)"
146,"(899, 29)"
147,"(870, 29)"
148,"(59, 29)"
149,"(30, 29)"
150,"(59, 30)"
151,"(31, 30)"
152,"(89, 30)"
153,"(60, 30)"
154,"(32, 31)"
155,"(60, 31)"
156,"(61, 31)"
157,"(33, 32)"
158,"(61, 32)"
159,"(62, 32)"
160,"(34, 33)"
161,"(62, 33)"
162,"(63, 33)"
163,"(35, 34)"
164,"(63, 34)"
165,"(64, 34)"
166,"(36, 35)"
167,"(64, 35)"
168,"(65, 35)"
169,"(37, 36)"
170,"(65, 36)"
171,"(66, 36)"
172,"(38, 37)"
173,"(66, 37)"
174,"(67, 37)"
175,"(39, 38)"
176,"(67, 38)"
177,"(68, 38)"
178,"(40, 39)"
179,"(68, 39)"
180,"(69, 39)"
181,"(41, 40)"
182,"(69, 40)"
183,"(70, 40)"
184,"(42, 41)"
185,"(70, 41)"
186,"(71, 41)"
187,"(43, 42)"
188,"(71, 42)"
189,"(72, 42)"
190,"(44, 43)"
191,"(72, 43)"
192,"(73, 43)"
193,"(45, 44)"
194,"(73, 44)"
195,"(74, 44)"
196,"(46, 45)"
197,"(74, 45)"
198,"(75, 45)"
199,"(47, 46)"
200,"(75, 46)"
201,"(76, 46)"
202,"(48, 47)"
203,"(76, 47)"
204,"(77, 47)"
205,"(49, 48)"
206,"(77, 48)"
207,"(78, 48)"
208,"(50, 49)"
209,"(78, 49)"
210,"(79, 49)"
211,"(51, 50)"
212,"(79, 50)"
213,"(80, 50)"
214,"(52, 51)"
215,"(80, 51)"
216,"(81, 51)"
217,"(53, 52)"
218,"(81, 52)"
219,"(82, 52)"
220,"(54, 53)"
221,"(82, 53)"
222,"(83, 53)"
223,"(55, 54)"
224,"(83, 54)"
225,"(84, 54)"
226,"(56, 55)"
227,"(84, 55)"
228,"(85, 55)"
229,"(57, 56)"
230,"(85, 56)"
231,"(86, 56)"
232,"(58, 57)"
233,"(86, 57)"
234,"(87, 57)"
235,"(59, 58)"
236,"(87, 58)"
237,"(88, 58)"
238,"(88, 59)"
239,"(89, 59)"
240,"(89, 60)"
241,"(61, 60)"
242,"(90, 60)"
243,"(91, 60)"
244,"(62, 61)"
245,"(91, 61)"
246,"(92, 61)"
247,"(63, 62)"
248,"(92, 62)"
249,"(93, 62)"
250,"(64, 63)"
251,"(93, 63)"
252,"(94, 63)"
253,"(65, 64)"
254,"(94, 64)"
255,"(95, 64)"
256,"(66, 65)"
257,"(95, 65)"
258,"(96, 65)"
259,"(67, 66)"
260,"(96, 66)"
261,"(97, 66)"
262,"(68, 67)"
263,"(97, 67)"
264,"(98, 67)"
265,"(69, 68)"
266,"(98, 68)"
267,"(99, 68)"
268,"(70, 69)"
269,"(99, 69)"
270,"(100, 69)"
271,"(71, 70)"
272,"(100, 70)"
273,"(101, 70)"
274,"(72, 71)"
275,"(101, 71)"
276,"(102, 71)"
277,"(73, 72)"
278,"(102, 72)"
279,"(103, 72)"
280,"(74, 73)"
281,"(103, 73)"
282,"(104, 73)"
283,"(75, 74)"
284,"(104, 74)"
285,"(105, 74)"
286,"(76, 75)"
287,"(105, 75)"
288,"(106, 75)"
289,"(77, 76)"
290,"(106, 76)"
291,"(107, 76)"
292,"(78, 77)"
293,"(107, 77)"
294,"(108, 77)"
295,"(79, 78)"
296,"(108, 78)"
297,"(109, 78)"
298,"(80, 79)"
299,"(109, 79)"
300,"(110, 79)"
301,"(81, 80)"
302,"(110, 80)"
303,"(111, 80)"
304,"(82, 81)"
305,"(111, 81)"
306,"(112, 81)"
307,"(83, 82)"
308,"(112, 82)"
309,"(113, 82)"
310,"(84, 83)"
311,"(113, 83)"
312,"(114, 83)"
313,"(85, 84)"
314,"(114, 84)"
315,"(115, 84)"
316,"(86, 85)"
317,"(115, 85)"
318,"(116, 85)"
319,"(87, 86)"
320,"(116, 86)"
321,"(117, 86)"
322,"(88, 87)"
323,"(117, 87)"
324,"(118, 87)"
325,"(89, 88)"
326,"(118, 88)"
327,"(119, 88)"
328,"(119, 89)"
329,"(90, 89)"
330,"(119, 90)"
331,"(91, 90)"
332,"(149, 90)"
333,"(120, 90)"
334,"(92, 91)"
335,"(120, 91)"
336,"(121, 91)"
337,"(93, 92)"
338,"(121, 92)"
339,"(122, 92)"
340,"(94, 93)"
341,"(122, 93)"
342,"(123, 93)"
343,"(95, 94)"
344,"(123, 94)"
345,"(124, 94)"
346,"(96, 95)"
347,"(124, 95)"
348,"(125, 95)"
349,"(97, 96)"
350,"(125, 96)"
351,"(126, 96)"
352,"(98, 97)"
353,"(126, 97)"
354,"(127, 97)"
355,"(99, 98)"
356,"(127, 98)"
357,"(128, 98)"
358,"(100, 99)"
359,"(128, 99)"
360,"(129, 99)"
361,"(101, 100)"
362,"(129, 100)"
363,"(130, 100)"
364,"(102, 101)"
365,"(130, 101)"
366,"(131, 101)"
367,"(103, 102)"
368,"(131, 102)"
369,"(132, 102)"
370,"(104, 103)"
371,"(132, 103)"
372,"(133, 103)"
373,"(105, 104)"
374,"(133, 104)"
375,"(134, 104)"
376,"(106, 105)"
377,"(134, 105)"
378,"(135, 105)"
379,"(107, 106)"
380,"(135, 106)"
381,"(136, 106)"
382,"(108, 107)"
383,"(136, 107)"
384,"(137, 107)"
385,"(109, 108)"
386,"(137, 108)"
387,"(138, 108)"
388,"(110, 109)"
389,"(138, 109)"
390,"(139, 109)"
391,"(111, 110)"
392,"(139, 110)"
393,"(140, 110)"
394,"(112, 111)"
395,"(140, 111)"
396,"(141, 111)"
397,"(113, 112)"
398,"(141, 112)"
399,"(142, 112)"
400,"(114, 113)"
401,"(142, 113)"
402,"(143, 113)"
403,"(115, 114)"
404,"(143, 114)"
405,"(144, 114)"
406,"(116, 115)"
407,"(144, 115)"
408,"(145, 115)"
409,"(117, 116)"
410,"(145, 116)"
411,"(146, 116)"
412,"(118, 117)"
413,"(146, 117)"
414,"(147, 117)"
415,"(119, 118)"
416,"(147, 118)"
417,"(148, 118)"
418,"(148, 119)"
419,"(149, 119)"
420,"(149, 120)"
421,"(121, 120)"
422,"(150, 120)"
423,"(151, 120)"
424,"(122, 121)"
425,"(151, 121)"
426,"(152, 121)"
427,"(123, 122)"
428,"(152, 122)"
429,"(153, 122)"
430,"(124, 123)"
431,"(153, 123)"
432,"(154, 123)"
433,"(125, 124)"
434,"(154, 124)"
435,"(155, 124)"
436,"(126, 125)"
437,"(155, 125)"
438,"(156, 125)"
439,"(127, 126)"
440,"(156, 126)"
441,"(157, 126)"
442,"(128, 127)"
443,"(157, 127)"
444,"(158, 127)"
445,"(129, 128)"
446,"(158, 128)"
447,"(159, 128)"
448,"(130, 129)"
449,"(159, 129)"
450,"(160, 129)"
451,"(131, 130)"
452,"(160, 130)"
453,"(161, 130)"
454,"(132, 131)"
455,"(161, 131)"
456,"(162, 131)"
457,"(133, 132)"
458,"(162, 132)"
459,"(163, 132)"
460,"(134, 133)"
461,"(163, 133)"
462,"(164, 133)"
463,"(135, 134)"
464,"(164, 134)"
465,"(165, 134)"
466,"(136, 135)"
467,"(165, 135)"
468,"(166, 135)"
469,"(137, 136)"
470,"(166, 136)"
471,"(167, 136)"
472,"(138, 137)"
473,"(167, 137)"
474,"(168, 137)"
475,"(139, 138)"
476,"(168, 138)"
477,"(169, 138)"
478,"(140, 139)"
479,"(169, 139)"
480,"(170, 139)"
481,"(141, 140)"
482,"(170, 140)"
483,"(171, 140)"
484,"(142, 141)"
485,"(171, 141)"
486,"(172, 141)"
487,"(143, 142)"
488,"(172, 142)"
489,"(173, 142)"
490,"(144, 143)"
491,"(173, 143)"
492,"(174, 143)"
493,"(145, 144)"
494,"(174, 144)"
495,"(175, 144)"
496,"(146, 145)"
497,"(175, 145)"
498,"(176, 145)"
499,"(147, 146)"
500,"(176, 146)"
501,"(177, 146)"
502,"(148, 147)"
503,"(177, 147)"
504,"(178, 147)"
505,"(149, 148)"
506,"(178, 148)"
507,"(179, 148)"
508,"(179, 149)"
509,"(150, 149)"
510,"(179, 150)"
511,"(151, 150)"
512,"(209, 150)"
513,"(180, 150)"
514,"(152, 151)"
515,"(180, 151)"
516,"(181, 151)"
517,"(153, 152)"
518,"(181, 152)"
519,"(182, 152)"
520,"(154, 153)"
521,"(182, 153)"
522,"(183, 153)"
523,"(155, 154)"
524,"(183, 154)"
525,"(184, 154)"
526,"(156, 155)"
527,"(184, 155)"
528,"(185, 155)"
529,"(157, 156)"
530,"(185, 156)"
531,"(186, 156)"
532,"(158, 157)"
533,"(186, 157)"
534,"(187, 157)"
535,"(159, 158)"
536,"(187, 158)"
537,"(188, 158)"
538,"(160, 159)"
539,"(188, 159)"
540,"(189, 159)"
541,"(161, 160)"
542,"(189, 160)"
543,"(190, 160)"
544,"(162, 161)"
545,"(190, 161)"
546,"(191, 161)"
547,"(163, 162)"
548,"(191, 162)"
549,"(192, 162)"
550,"(164, 163)"
551,"(192, 163)"
552,"(193, 163)"
553,"(165, 164)"
554,"(193, 164)"
555,"(194, 164)"
556,"(166, 165)"
557,"(194, 165)"
558,"(195, 165)"
559,"(167, 166)"
560,"(195, 166)"
561,"(196, 166)"
562,"(168, 167)"
563,"(196, 167)"
564,"(197, 167)"
565,"(169, 168)"
566,"(197, 168)"
567,"(198, 168)"
568,"(170, 169)"
569,"(198, 169)"
570,"(199, 169)"
571,"(171, 170)"
572,"(199, 170)"
573,"(200, 170)"
574,"(172, 171)"
575,"(200, 171)"
576,"(201, 171)"
577,"(173, 172)"
578,"(201, 172)"
579,"(202, 172)"
580,"(174, 173)"
581,"(202, 173)"
582,"(203, 173)"
583,"(175, 174)"
584,"(203, 174)"
585,"(204, 174)"
586,"(176, 175)"
587,"(204, 175)"
588,"(205, 175)"
589,"(177, 176)"
590,"(205, 176)"
591,"(206, 176)"
592,"(178, 177)"
593,"(206, 177)"
594,"(207, 177)"
595,"(179, 178)"
596,"(207, 178)"
597,"(208, 178)"
598,"(208, 179)"
599,"(209, 179)"
600,"(209, 180)"
601,"(181, 180)"
602,"(210, 180)"
603,"(211, 180)"
604,"(182, 181)"
605,"(211, 181)"
606,"(212, 181)"
607,"(183, 182)"
608,"(212, 182)"
609,"(213, 182)"
610,"(184, 183)"
611,"(213, 183)"
612,"(214, 183)"
613,"(185, 184)"
614,"(214, 184)"
615,"(215, 184)"
616,"(186, 185)"
617,"(215, 185)"
618,"(216, 185)"
619,"(187, 186)"
620,"(216, 186)"
621,"(217, 186)"
622,"(188, 187)"
623,"(217, 187)"
624,"(218, 187)"
625,"(189, 188)"
626,"(218, 188)"
627,"(219, 188)"
628,"(190, 189)"
629,"(219, 189)"
630,"(220, 189)"
631,"(191, 190)"
632,"(220, 190)"
633,"(221, 190)"
634,"(192, 191)"
635,"(221, 191)"
636,"(222, 191)"
637,"(193, 192)"
638,"(222, 192)"
639,"(223, 192)"
640,"(194, 193)"
641,"(223, 193)"
642,"(224, 193)"
643,"(195, 194)"
644,"(224, 194)"
645,"(225, 194)"
646,"(196, 195)"
647,"(225, 195)"
648,"(226, 195)"
649,"(197, 196)"
650,"(226, 196)"
651,"(227, 196)"
652,"(198, 197)"
653,"(227, 197)"
654,"(228, 197)"
655,"(199, 198)"
656,"(228, 198)"
657,"(229, 198)"
658,"(200, 199)"
659,"(229, 199)"
660,"(230, 199)"
661,"(201, 200)"
662,"(230, 200)"
663,"(231, 200)"
664,"(202, 201)"
665,"(231, 201)"
666,"(232, 201)"
667,"(203, 202)"
668,"(232, 202)"
669,"(233, 202)"
670,"(204, 203)"
671,"(233, 203)"
672,"(234, 203)"
673,"(205, 204)"
674,"(234, 204)"
675,"(235, 204)"
676,"(206, 205)"
677,"(235, 205)"
678,"(236, 205)"
679,"(207, 206)"
680,"(236, 206)"
681,"(237, 206)"
682,"(208, 207)"
683,"(237, 207)"
684,"(238, 207)"
685,"(209, 208)"
686,"(238, 208)"
687,"(239, 208)"
688,"(239, 209)"
689,"(210, 209)"
690,"(239, 210)"
691,"(211, 210)"
692,"(269, 210)"
693,"(240, 210)"
694,"(212, 211)"
695,"(240, 211)"
696,"(241, 211)"
697,"(213, 212)"
698,"(241, 212)"
699,"(242, 212)"
700,"(214, 213)"
701,"(242, 213)"
702,"(243, 213)"
703,"(215, 214)"
704,"(243, 214)"
705,"(244, 214)"
706,"(216, 215)"
707,"(244, 215)"
708,"(245, 215)"
709,"(217, 216)"
710,"(245, 216)"
711,"(246, 216)"
712,"(218, 217)"
713,"(246, 217)"
714,"(247, 217)"
715,"(219, 218)"
716,"(247, 218)"
717,"(248, 218)"
718,"(220, 219)"
719,"(248, 219)"
720,"(249, 219)"
721,"(221, 220)"
722,"(249, 220)"
723,"(250, 220)"
724,"(222, 221)"
725,"(250, 221)"
726,"(251, 221)"
727,"(223, 222)"
728,"(251, 222)"
729,"(252, 222)"
730,"(224, 223)"
731,"(252, 223)"
732,"(253, 223)"
733,"(225, 224)"
734,"(253, 224)"
735,"(254, 224)"
736,"(226, 225)"
737,"(254, 225)"
738,"(255, 225)"
739,"(227, 226)"
740,"(255, 226)"
741,"(256, 226)"
742,"(228, 227)"
743,"(256, 227)"
744,"(257, 227)"
745,"(229, 228)"
746,"(257, 228)"
747,"(258, 228)"
748,"(230, 229)"
749,"(258, 229)"
750,"(259, 229)"
751,"(231, 230)"
752,"(259, 230)"
753,"(260, 230)"
754,"(232, 231)"
755,"(260, 231)"
756,"(261, 231)"
757,"(233, 232)"
758,"(261, 232)"
759,"(262, 232)"
760,"(234, 233)"
761,"(262, 233)"
762,"(263, 233)"
763,"(235, 234)"
764,"(263, 234)"
765,"(264, 234)"
766,"(236, 235)"
767,"(264, 235)"
768,"(265, 235)"
769,"(237, 236)"
770,"(265, 236)"
771,"(266, 236)"
772,"(238, 237)"
773,"(266, 237)"
774,"(267, 237)"
775,"(239, 238)"
776,"(267, 238)"
777,"(268, 238)"
778,"(268, 239)"
779,"(269, 239)"
780,"(269, 240)"
781,"(241, 240)"
782,"(270, 240)"
783,"(271, 240)"
784,"(242, 241)"
785,"(271, 241)"
786,"(272, 241)"
787,"(243, 242)"
788,"(272, 242)"
789,"(273, 242)"
790,"(244, 243)"
791,"(273, 243)"
792,"(274, 243)"
793,"(245, 244)"
794,"(274, 244)"
795,"(275, 244)"
796,"(246, 245)"
797,"(275, 245)"
798,"(276, 245)"
799,"(247, 246)"
800,"(276, 246)"
801,"(277, 246)"
802,"(248, 247)"
803,"(277, 247)"
804,"(278, 247)"
805,"(249, 248)"
806,"(278, 248)"
807,"(279, 248)"
808,"(250, 249)"
809,"(279, 249)"
810,"(280, 249)"
811,"(251, 250)"
812,"(280, 250)"
813,"(281, 250)"
814,"(252, 251)"
815,"(281, 251)"
816,"(282, 251)"
817,"(253, 252)"
818,"(282, 252)"
819,"(283, 252)"
820,"(254, 253)"
821,"(283, 253)"
822,"(284, 253)"
823,"(255, 254)"
824,"(284, 254)"
825,"(285, 254)"
826,"(256, 255)"
827,"(285, 255)"
828,"(286, 255)"
829,"(257, 256)"
830,"(286, 256)"
831,"(287, 256)"
832,"(258, 257)"
833,"(287, 257)"
834,"(288, 257)"
835,"(259, 258)"
836,"(288, 258)"
837,"(289, 258)"
838,"(260, 259)"
839,"(289, 259)"
840,"(290, 259)"
841,"(261, 260)"
842,"(290, 260)"
843,"(291, 260)"
844,"(262, 261)"
845,"(291, 261)"
846,"(292, 261)"
847,"(263, 262)"
848,"(292, 262)"
849,"(293, 262)"
850,"(264, 263)"
851,"(293, 263)"
852,"(294, 263)"
853,"(265, 264)"
854,"(294, 264)"
855,"(295, 264)"
856,"(266, 265)"
857,"(295, 265)"
858,"(296, 265)"
859,"(267, 266)"
860,"(296, 266)"
861,"(297, 266)"
862,"(268, 267)"
863,"(297, 267)"
864,"(298, 267)"
865,"(269, 268)"
866,"(298, 268)"
867,"(299, 268)"
868,"(299, 269)"
869,"(270, 269)"
870,"(299, 270)"
871,"(271, 270)"
872,"(329, 270)"
873,"(300, 270)"
874,"(272, 271)"
875,"(300, 271)"
876,"(301, 271)"
877,"(273, 272)"
878,"(301, 272)"
879,"(302, 272)"
880,"(274, 273)"
881,"(302, 273)"
882,"(303, 273)"
883,"(275, 274)"
884,"(303, 274)"
885,"(304, 274)"
886,"(276, 275)"
887,"(304, 275)"
888,"(305, 275)"
889,"(277, 276)"
890,"(305, 276)"
891,"(306, 276)"
892,"(278, 277)"
893,"(306, 277)"
894,"(307, 277)"
895,"(279, 278)"
896,"(307, 278)"
897,"(308, 278)"
898,"(280, 279)"
899,"(308, 279)"
900,"(309, 279)"
901,"(281, 280)"
902,"(309, 280)"
903,"(310, 280)"
904,"(282, 281)"
905,"(310, 281)"
906,"(311, 281)"
907,"(283, 282)"
908,"(311, 282)"
909,"(312, 282)"
910,"(284, 283)"
911,"(312, 283)"
912,"(313, 283)"
913,"(285, 284)"
914,"(313, 284)"
915,"(314, 284)"
916,"(286, 285)"
917,"(314, 285)"
918,"(315, 285)"
919,"(287, 286)"
920,"(315, 286)"
921,"(316, 286)"
922,"(288, 287)"
923,"(316, 287)"
924,"(317, 287)"
925,"(289, 288)"
926,"(317, 288)"
927,"(318, 288)"
928,"(290, 289)"
929,"(318, 289)"
930,"(319, 289)"
931,"(291, 290)"
932,"(319, 290)"
933,"(320, 290)"
934,"(292, 291)"
935,"(320, 291)"
936,"(321, 291)"
937,"(293, 292)"
938,"(321, 292)"
939,"(322, 292)"
940,"(294, 293)"
941,"(322, 293)"
942,"(323, 293)"
943,"(295, 294)"
944,"(323, 294)"
945,"(324, 294)"
946,"(296, 295)"
947,"(324, 295)"
948,"(325, 295)"
949,"(297, 296)"
950,"(325, 296)"
951,"(326, 296)"
952,"(298, 297)"
953,"(326, 297)"
954,"(327, 297)"
955,"(299, 298)"
956,"(327, 298)"
957,"(328, 298)"
958,"(328, 299)"
959,"(329, 299)"
960,"(329, 300)"
961,"(301, 300)"
962,"(330, 300)"
963,"(331, 300)"
964,"(302, 301)"
965,"(331, 301)"
966,"(332, 301)"
967,"(303, 302)"
968,"(332, 302)"
969,"(333, 302)"
970,"(304, 303)"
971,"(333, 303)"
972,"(334, 303)"
973,"(305, 304)"
974,"(334, 304)"
975,"(335, 304)"
976,"(306, 305)"
977,"(335, 305)"
978,"(336, 305)"
979,"(307, 306)"
980,"(336, 306)"
981,"(337, 306)"
982,"(308, 307)"
983,"(337, 307)"
984,"(338, 307)"
985,"(309, 308)"
986,"(338, 308)"
987,"(339, 308)"
988,"(310, 309)"
989,"(339, 309)"
990,"(340, 309)"
991,"(311, 310)"
992,"(340, 310)"
993,"(341, 310)"
994,"(312, 311)"
995,"(341, 311)"
996,"(342, 311)"
997,"(313, 312)"
998,"(342, 312)"
999,"(343, 312)"
1000,"(314, 313)"
1001,"(343, 313)"
1002,"(344, 313)"
1003,"(315, 314)"
1004,"(344, 314)"
1005,"(345, 314)"
1006,"(316, 315)"
1007,"(345, 315)"
1008,"(346, 315)"
1009,"(317, 316)"
1010,"(346, 316)"
1011,"(347, 316)"
1012,"(318, 317)"
1013,"(347, 317)"
1014,"(348, 317)"
1015,"(319, 318)"
1016,"(348, 318)"
1017,"(349, 318)"
1018,"(320, 319)"
1019,"(349, 319)"
1020,"(350, 319)"
1021,"(321, 320)"
1022,"(350, 320)"
1023,"(351, 320)"
1024,"(322, 321)"
1025,"(351, 321)"
1026,"(352, 321)"
1027,"(323, 322)"
1028,"(352, 322)"
1029,"(353, 322)"
1030,"(324, 323)"
1031,"(353, 323)"
1032,"(354, 323)"
1033,"(325, 324)"
1034,"(354, 324)"
1035,"(355, 324)"
1036,"(326, 325)"
1037,"(355, 325)"
1038,"(356, 325)"
1039,"(327, 326)"
1040,"(356, 326)"
1041,"(357, 326)"
1042,"(328, 327)"
1043,"(357, 327)"
1044,"(358, 327)"
1045,"(329, 328)"
1046,"(358, 328)"
1047,"(359, 328)"
1048,"(359, 329)"
1049,"(330, 329)"
1050,"(359, 330)"
1051,"(331, 330)"
1052,"(389, 330)"
1053,"(360, 330)"
1054,"(332, 331)"
1055,"(360, 331)"
1056,"(361, 331)"
1057,"(333, 332)"
1058,"(361, 332)"
1059,"(362, 332)"
1060,"(334, 333)"
1061,"(362, 333)"
1062,"(363, 333)"
1063,"(335, 334)"
1064,"(363, 334)"
1065,"(364, 334)"
1066,"(336, 335)"
1067,"(364, 335)"
1068,"(365, 335)"
1069,"(337, 336)"
1070,"(365, 336)"
1071,"(366, 336)"
1072,"(338, 337)"
1073,"(366, 337)"
1074,"(367, 337)"
1075,"(339, 338)"
1076,"(367, 338)"
1077,"(368, 338)"
1078,"(340, 339)"
1079,"(368, 339)"
1080,"(369, 339)"
1081,"(341, 340)"
1082,"(369, 340)"
1083,"(370, 340)"
1084,"(342, 341)"
1085,"(370, 341)"
1086,"(371, 341)"
1087,"(343, 342)"
1088,"(371, 342)"
1089,"(372, 342)"
1090,"(344, 343)"
1091,"(372, 343)"
1092,"(373, 343)"
1093,"(345, 344)"
1094,"(373, 344)"
1095,"(374, 344)"
1096,"(346, 345)"
1097,"(374, 345)"
1098,"(375, 345)"
1099,"(347, 346)"
1100,"(375, 346)"
1101,"(376, 346)"
1102,"(348, 347)"
1103,"(376, 347)"
1104,"(377, 347)"
1105,"(349, 348)"
1106,"(377, 348)"
1107,"(378, 348)"
1108,"(350, 349)"
1109,"(378, 349)"
1110,"(379, 349)"
1111,"(351, 350)"
1112,"(379, 350)"
1113,"(380, 350)"
1114,"(352, 351)"
1115,"(380, 351)"
1116,"(381, 351)"
1117,"(353, 352)"
1118,"(381, 352)"
1119,"(382, 352)"
1120,"(354, 353)"
1121,"(382, 353)"
1122,"(383, 353)"
1123,"(355, 354)"
1124,"(383, 354)"
1125,"(384, 354)"
1126,"(356, 355)"
1127,"(384, 355)"
1128,"(385, 355)"
1129,"(357, 356)"
1130,"(385, 356)"
1131,"(386, 356)"
1132,"(358, 357)"
1133,"(386, 357)"
1134,"(387, 357)"
1135,"(359, 358)"
1136,"(387, 358)"
1137,"(388, 358)"
1138,"(388, 359)"
1139,"(389, 359)"
1140,"(389, 360)"
1141,"(361, 360)"
1142,"(390, 360)"
1143,"(391, 360)"
1144,"(362, 361)"
1145,"(391, 361)"
1146,"(392, 361)"
1147,"(363, 362)"
1148,"(392, 362)"
1149,"(393, 362)"
1150,"(364, 363)"
1151,"(393, 363)"
1152,"(394, 363)"
1153,"(365, 364)"
1154,"(394, 364)"
1155,"(395, 364)"
1156,"(366, 365)"
1157,"(395, 365)"
1158,"(396, 365)"
1159,"(367, 366)"
1160,"(396, 366)"
1161,"(397, 366)"
1162,"(368, 367)"
1163,"(397, 367)"
1164,"(398, 367)"
1165,"(369, 368)"
1166,"(398, 368)"
1167,"(399, 368)"
1168,"(370, 369)"
1169,"(399, 369)"
1170,"(400, 369)"
1171,"(371, 370)"
1172,"(400, 370)"
1173,"(401, 370)"
1174,"(372, 371)"
1175,"(401, 371)"
1176,"(402, 371)"
1177,"(373, 372)"
1178,"(402, 372)"
1179,"(403, 372)"
1180,"(374, 373)"
1181,"(403, 373)"
1182,"(404, 373)"
1183,"(375, 374)"
1184,"(404, 374)"
1185,"(405, 374)"
1186,"(376, 375)"
1187,"(405, 375)"
1188,"(406, 375)"
1189,"(377, 376)"
1190,"(406, 376)"
1191,"(407, 376)"
1192,"(378, 377)"
1193,"(407, 377)"
1194,"(408, 377)"
1195,"(379, 378)"
1196,"(408, 378)"
1197,"(409, 378)"
1198,"(380, 379)"
1199,"(409, 379)"
1200,"(410, 379)"
1201,"(381, 380)"
1202,"(410, 380)"
1203,"(411, 380)"
1204,"(382, 381)"
1205,"(411, 381)"
1206,"(412, 381)"
1207,"(383, 382)"
1208,"(412, 382)"
1209,"(413, 382)"
1210,"(384, 383)"
1211,"(413, 383)"
1212,"(414, 383)"
1213,"(385, 384)"
1214,"(414, 384)"
1215,"(415, 384)"
1216,"(386, 385)"
1217,"(415, 385)"
1218,"(416, 385)"
1219,"(387, 386)"
1220,"(416, 386)"
1221,"(417, 386)"
1222,"(388, 387)"
1223,"(417, 387)"
1224,"(418, 387)"
1225,"(389, 388)"
1226,"(418, 388)"
1227,"(419, 388)"
1228,"(419, 389)"
1229,"(390, 389)"
1230,"(419, 390)"
1231,"(391, 390)"
1232,"(449, 390)"
1233,"(420, 390)"
1234,"(392, 391)"
1235,"(420, 391)"
1236,"(421, 391)"
1237,"(393, 392)"
1238,"(421, 392)"
1239,"(422, 392)"
1240,"(394, 393)"
1241,"(422, 393)"
1242,"(423, 393)"
1243,"(395, 394)"
1244,"(423, 394)"
1245,"(424, 394)"
1246,"(396, 395)"
1247,"(424, 395)"
1248,"(425, 395)"
1249,"(397, 396)"
1250,"(425, 396)"
1251,"(426, 396)"
1252,"(398, 397)"
1253,"(426, 397)"
1254,"(427, 397)"
1255,"(399, 398)"
1256,"(427, 398)"
1257,"(428, 398)"
1258,"(400, 399)"
1259,"(428, 399)"
1260,"(429, 399)"
1261,"(401, 400)"
1262,"(429, 400)"
1263,"(430, 400)"
1264,"(402, 401)"
1265,"(430, 401)"
1266,"(431, 401)"
1267,"(403, 402)"
1268,"(431, 402)"
1269,"(432, 402)"
1270,"(404, 403)"
1271,"(432, 403)"
1272,"(433, 403)"
1273,"(405, 404)"
1274,"(433, 404)"
1275,"(434, 404)"
1276,"(406, 405)"
1277,"(434, 405)"
1278,"(435, 405)"
1279,"(407, 406)"
1280,"(435, 406)"
1281,"(436, 406)"
1282,"(408, 407)"
1283,"(436, 407)"
1284,"(437, 407)"
1285,"(409, 408)"
1286,"(437, 408)"
1287,"(438, 408)"
1288,"(410, 409)"
1289,"(438, 409)"
1290,"(439, 409)"
1291,"(411, 410)"
1292,"(439, 410)"
1293,"(440, 410)"
1294,"(412, 411)"
1295,"(440, 411)"
1296,"(441, 411)"
1297,"(413, 412)"
1298,"(441, 412)"
1299,"(442, 412)"
1300,"(414, 413)"
1301,"(442, 413)"
1302,"(443, 413)"
1303,"(415, 414)"
1304,"(443, 414)"
1305,"(444, 414)"
1306,"(416, 415)"
1307,"(444, 415)"
1308,"(445, 415)"
1309,"(417, 416)"
1310,"(445, 416)"
1311,"(446, 416)"
1312,"(418, 417)"
1313,"(446, 417)"
1314,"(447, 417)"
1315,"(419, 418)"
1316,"(447, 418)"
1317,"(448, 418)"
1318,"(448, 419)"
1319,"(449, 419)"
1320,"(449, 420)"
1321,"(421, 420)"
1322,"(450, 420)"
1323,"(451, 420)"
1324,"(422, 421)"
1325,"(451, 421)"
1326,"(452, 421)"
1327,"(423, 422)"
1328,"(452, 422)"
1329,"(453, 422)"
1330,"(424, 423)"
1331,"(453, 423)"
1332,"(454, 423)"
1333,"(425, 424)"
1334,"(454, 424)"
1335,"(455, 424)"
1336,"(426, 425)"
1337,"(455, 425)"
1338,"(456, 425)"
1339,"(427, 426)"
1340,"(456, 426)"
1341,"(457, 426)"
1342,"(428, 427)"
1343,"(457, 427)"
1344,"(458, 427)"
1345,"(429, 428)"
1346,"(458, 428)"
1347,"(459, 428)"
1348,"(430, 429)"
1349,"(459, 429)"
1350,"(460, 429)"
1351,"(431, 430)"
1352,"(460, 430)"
1353,"(461, 430)"
1354,"(432, 431)"
1355,"(461, 431)"
1356,"(462, 431)"
1357,"(433, 432)"
1358,"(462, 432)"
1359,"(463, 432)"
1360,"(434, 433)"
1361,"(463, 433)"
1362,"(464, 433)"
1363,"(435, 434)"
1364,"(464, 434)"
1365,"(465, 434)"
1366,"(436, 435)"
1367,"(465, 435)"
1368,"(466, 435)"
1369,"(437, 436)"
1370,"(466, 436)"
1371,"(467, 436)"
1372,"(438, 437)"
1373,"(467, 437)"
1374,"(468, 437)"
1375,"(439, 438)"
1376,"(468, 438)"
1377,"(469, 438)"
1378,"(440, 439)"
1379,"(469, 439)"
1380,"(470, 439)"
1381,"(441, 440)"
1382,"(470, 440)"
1383,"(471, 440)"
1384,"(442, 441)"
1385,"(471, 441)"
1386,"(472, 441)"
1387,"(443, 442)"
1388,"(472, 442)"
1389,"(473, 442)"
1390,"(444, 443)"
1391,"(473, 443)"
1392,"(474, 443)"
1393,"(445, 444)"
1394,"(474, 444)"
1395,"(475, 444)"
1396,"(446, 445)"
1397,"(475, 445)"
1398,"(476, 445)"
1399,"(447, 446)"
1400,"(476, 446)"
1401,"(477, 446)"
1402,"(448, 447)"
1403,"(477, 447)"
1404,"(478, 447)"
1405,"(449, 448)"
1406,"(478, 448)"
1407,"(479, 448)"
1408,"(479, 449)"
1409,"(450, 449)"
1410,"(479, 450)"
1411,"(451, 450)"
1412,"(509, 450)"
1413,"(480, 450)"
1414,"(452, 451)"
1415,"(480, 451)"
1416,"(481, 451)"
1417,"(453, 452)"
1418,"(481, 452)"
1419,"(482, 452)"
1420,"(454, 453)"
1421,"(482, 453)"
1422,"(483, 453)"
1423,"(455, 454)"
1424,"(483, 454)"
1425,"(484, 454)"
1426,"(456, 455)"
1427,"(484, 455)"
1428,"(485, 455)"
1429,"(457, 456)"
1430,"(485, 456)"
1431,"(486, 456)"
1432,"(458, 457)"
1433,"(486, 457)"
1434,"(487, 457)"
1435,"(459, 458)"
1436,"(487, 458)"
1437,"(488, 458)"
1438,"(460, 459)"
1439,"(488, 459)"
1440,"(489, 459)"
1441,"(461, 460)"
1442,"(489, 460)"
1443,"(490, 460)"
1444,"(462, 461)"
1445,"(490, 461)"
1446,"(491, 461)"
1447,"(463, 462)"
1448,"(491, 462)"
1449,"(492, 462)"
1450,"(464, 463)"
1451,"(492, 463)"
1452,"(493, 463)"
1453,"(465, 464)"
1454,"(493, 464)"
1455,"(494, 464)"
1456,"(466, 465)"
1457,"(494, 465)"
1458,"(495, 465)"
1459,"(467, 466)"
1460,"(495, 466)"
1461,"(496, 466)"
1462,"(468, 467)"
1463,"(496, 467)"
1464,"(497, 467)"
1465,"(469, 468)"
1466,"(497, 468)"
1467,"(498, 468)"
1468,"(470, 469)"
1469,"(498, 469)"
1470,"(499, 469)"
1471,"(471, 470)"
1472,"(499, 470)"
1473,"(500, 470)"
1474,"(472, 471)"
1475,"(500, 471)"
1476,"(501, 471)"
1477,"(473, 472)"
1478,"(501, 472)"
1479,"(502, 472)"
1480,"(474, 473)"
1481,"(502, 473)"
1482,"(503, 473)"
1483,"(475, 474)"
1484,"(503, 474)"
1485,"(504, 474)"
1486,"(476, 475)"
1487,"(504, 475)"
1488,"(505, 475)"
1489,"(477, 476)"
1490,"(505, 476)"
1491,"(506, 476)"
1492,"(478, 477)"
1493,"(506, 477)"
1494,"(507, 477)"
1495,"(479, 478)"
1496,"(507, 478)"
1497,"(508, 478)"
1498,"(508, 479)"
1499,"(509, 479)"
1500,"(509, 480)"
1501,"(481, 480)"
1502,"(510, 480)"
1503,"(511, 480)"
1504,"(482, 481)"
1505,"(511, 481)"
1506,"(512, 481)"
1507,"(483, 482)"
1508,"(512, 482)"
1509,"(513, 482)"
1510,"(484, 483)"
1511,"(513, 483)"
1512,"(514, 483)"
1513,"(485, 484)"
1514,"(514, 484)"
1515,"(515, 484)"
1516,"(486, 485)"
1517,"(515, 485)"
1518,"(516, 485)"
1519,"(487, 486)"
1520,"(516, 486)"
1521,"(517, 486)"
1522,"(488, 487)"
1523,"(517, 487)"
1524,"(518, 487)"
1525,"(489, 488)"
1526,"(518, 488)"
1527,"(519, 488)"
1528,"(490, 489)"
1529,"(519, 489)"
1530,"(520, 489)"
1531,"(491, 490)"
1532,"(520, 490)"
1533,"(521, 490)"
1534,"(492, 491)"
1535,"(521, 491)"
1536,"(522, 491)"
1537,"(493, 492)"
1538,"(522, 492)"
1539,"(523, 492)"
1540,"(494, 493)"
1541,"(523, 493)"
1542,"(524, 493)"
1543,"(495, 494)"
1544,"(524, 494)"
1545,"(525, 494)"
1546,"(496, 495)"
1547,"(525, 495)"
1548,"(526, 495)"
1549,"(497, 496)"
1550,"(526, 496)"
1551,"(527, 496)"
1552,"(498, 497)"
1553,"(527, 497)"
1554,"(528, 497)"
1555,"(499, 498)"
1556,"(528, 498)"
1557,"(529, 498)"
1558,"(500, 499)"
1559,"(529, 499)"
1560,"(530, 499)"
1561,"(501, 500)"
1562,"(530, 500)"
1563,"(531, 500)"
1564,"(502, 501)"
1565,"(531, 501)"
1566,"(532, 501)"
1567,"(503, 502)"
1568,"(532, 502)"
1569,"(533, 502)"
1570,"(504, 503)"
1571,"(533, 503)"
1572,"(534, 503)"
1573,"(505, 504)"
1574,"(534, 504)"
1575,"(535, 504)"
1576,"(506, 505)"
1577,"(535, 505)"
1578,"(536, 505)"
1579,"(507, 506)"
1580,"(536, 506)"
1581,"(537, 506)"
1582,"(508, 507)"
1583,"(537, 507)"
1584,"(538, 507)"
1585,"(509, 508)"
1586,"(538, 508)"
1587,"(539, 508)"
1588,"(539, 509)"
1589,"(510, 509)"
1590,"(539, 510)"
1591,"(511, 510)"
1592,"(569, 510)"
1593,"(540, 510)"
1594,"(512, 511)"
1595,"(540, 511)"
1596,"(541, 511)"
1597,"(513, 512)"
1598,"(541, 512)"
1599,"(542, 512)"
1600,"(514, 513)"
1601,"(542, 513)"
1602,"(543, 513)"
1603,"(515, 514)"
1604,"(543, 514)"
1605,"(544, 514)"
1606,"(516, 515)"
1607,"(544, 515)"
1608,"(545, 515)"
1609,"(517, 516)"
1610,"(545, 516)"
1611,"(546, 516)"
1612,"(518, 517)"
1613,"(546, 517)"
1614,"(547, 517)"
1615,"(519, 518)"
1616,"(547, 518)"
1617,"(548, 518)"
1618,"(520, 519)"
1619,"(548, 519)"
1620,"(549, 519)"
1621,"(521, 520)"
1622,"(549, 520)"
1623,"(550, 520)"
1624,"(522, 521)"
1625,"(550, 521)"
1626,"(551, 521)"
1627,"(523, 522)"
1628,"(551, 522)"
1629,"(552, 522)"
1630,"(524, 523)"
1631,"(552, 523)"
1632,"(553, 523)"
1633,"(525, 524)"
1634,"(553, 524)"
1635,"(554, 524)"
1636,"(526, 525)"
1637,"(554, 525)"
1638,"(555, 525)"
1639,"(527, 526)"
1640,"(555, 526)"
1641,"(556, 526)"
1642,"(528, 527)"
1643,"(556, 527)"
1644,"(557, 527)"
1645,"(529, 528)"
1646,"(557, 528)"
1647,"(558, 528)"
1648,"(530, 529)"
1649,"(558, 529)"
1650,"(559, 529)"
1651,"(531, 530)"
1652,"(559, 530)"
1653,"(560, 530)"
1654,"(532, 531)"
1655,"(560, 531)"
1656,"(561, 531)"
1657,"(533, 532)"
1658,"(561, 532)"
1659,"(562, 532)"
1660,"(534, 533)"
1661,"(562, 533)"
1662,"(563, 533)"
1663,"(535, 534)"
1664,"(563, 534)"
1665,"(564, 534)"
1666,"(536, 535)"
1667,"(564, 535)"
1668,"(565, 535)"
1669,"(537, 536)"
1670,"(565, 536)"
1671,"(566, 536)"
1672,"(538, 537)"
1673,"(566, 537)"
1674,"(567, 537)"
1675,"(539, 538)"
1676,"(567, 538)"
1677,"(568, 538)"
1678,"(568, 539)"
1679,"(569, 539)"
1680,"(569, 540)"
1681,"(541, 540)"
1682,"(570, 540)"
1683,"(571, 540)"
1684,"(542, 541)"
1685,"(571, 541)"
1686,"(572, 541)"
1687,"(543, 542)"
1688,"(572, 542)"
1689,"(573, 542)"
1690,"(544, 543)"
1691,"(573, 543)"
1692,"(574, 543)"
1693,"(545, 544)"
1694,"(574, 544)"
1695,"(575, 544)"
1696,"(546, 545)"
1697,"(575, 545)"
1698,"(576, 545)"
1699,"(547, 546)"
1700,"(576, 546)"
1701,"(577, 546)"
1702,"(548, 547)"
1703,"(577, 547)"
1704,"(578, 547)"
1705,"(549, 548)"
1706,"(578, 548)"
1707,"(579, 548)"
1708,"(550, 549)"
1709,"(579, 549)"
1710,"(580, 549)"
1711,"(551, 550)"
1712,"(580, 550)"
1713,"(581, 550)"
1714,"(552, 551)"
1715,"(581, 551)"
1716,"(582, 551)"
1717,"(553, 552)"
1718,"(582, 552)"
1719,"(583, 552)"
1720,"(554, 553)"
1721,"(583, 553)"
1722,"(584, 553)"
1723,"(555, 554)"
1724,"(584, 554)"
1725,"(585, 554)"
1726,"(556, 555)"
1727,"(585, 555)"
1728,"(586, 555)"
1729,"(557, 556)"
1730,"(586, 556)"
1731,"(587, 556)"
1732,"(558, 557)"
1733,"(587, 557)"
1734,"(588, 557)"
1735,"(559, 558)"
1736,"(588, 558)"
1737,"(589, 558)"
1738,"(560, 559)"
1739,"(589, 559)"
1740,"(590, 559)"
1741,"(561, 560)"
1742,"(590, 560)"
1743,"(591, 560)"
1744,"(562, 561)"
1745,"(591, 561)"
1746,"(592, 561)"
1747,"(563, 562)"
1748,"(592, 562)"
1749,"(593, 562)"
1750,"(564, 563)"
1751,"(593, 563)"
1752,"(594, 563)"
1753,"(565, 564)"
1754,"(594, 564)"
1755,"(595, 564)"
1756,"(566, 565)"
1757,"(595, 565)"
1758,"(596, 565)"
1759,"(567, 566)"
1760,"(596, 566)"
1761,"(597, 566)"
1762,"(568, 567)"
1763,"(597, 567)"
1764,"(598, 567)"
1765,"(569, 568)"
1766,"(598, 568)"
1767,"(599, 568)"
1768,"(599, 569)"
1769,"(570, 569)"
1770,"(599, 570)"
1771,"(571, 570)"
1772,"(629, 570)"
1773,"(600, 570)"
1774,"(572, 571)"
1775,"(600, 571)"
1776,"(601, 571)"
1777,"(573, 572)"
1778,"(601, 572)"
1779,"(602, 572)"
1780,"(574, 573)"
1781,"(602, 573)"
1782,"(603, 573)"
1783,"(575, 574)"
1784,"(603, 574)"
1785,"(604, 574)"
1786,"(576, 575)"
1787,"(604, 575)"
1788,"(605, 575)"
1789,"(577, 576)"
1790,"(605, 576)"
1791,"(606, 576)"
1792,"(578, 577)"
1793,"(606, 577)"
1794,"(607, 577)"
1795,"(579, 578)"
1796,"(607, 578)"
1797,"(608, 578)"
1798,"(580, 579)"
1799,"(608, 579)"
1800,"(609, 579)"
1801,"(581, 580)"
1802,"(609, 580)"
1803,"(610, 580)"
1804,"(582, 581)"
1805,"(610, 581)"
1806,"(611, 581)"
1807,"(583, 582)"
1808,"(611, 582)"
1809,"(612, 582)"
1810,"(584, 583)"
1811,"(612, 583)"
1812,"(613, 583)"
1813,"(585, 584)"
1814,"(613, 584)"
1815,"(614, 584)"
1816,"(586, 585)"
1817,"(614, 585)"
1818,"(615, 585)"
1819,"(587, 586)"
1820,"(615, 586)"
1821,"(616, 586)"
1822,"(588, 587)"
1823,"(616, 587)"
1824,"(617, 587)"
1825,"(589, 588)"
1826,"(617, 588)"
1827,"(618, 588)"
1828,"(590, 589)"
1829,"(618, 589)"
1830,"(619, 589)"
1831,"(591, 590)"
1832,"(619, 590)"
1833,"(620, 590)"
1834,"(592, 591)"
1835,"(620, 591)"
1836,"(621, 591)"
1837,"(593, 592)"
1838,"(621, 592)"
1839,"(622, 592)"
1840,"(594, 593)"
1841,"(622, 593)"
1842,"(623, 593)"
1843,"(595, 594)"
1844,"(623, 594)"
1845,"(624, 594)"
1846,"(596, 595)"
1847,"(624, 595)"
1848,"(625, 595)"
1849,"(597, 596)"
1850,"(625, 596)"
1851,"(626, 596)"
1852,"(598, 597)"
1853,"(626, 597)"
1854,"(627, 597)"
1855,"(599, 598)"
1856,"(627, 598)"
1857,"(628, 598)"
1858,"(628, 599)"
1859,"(629, 599)"
1860,"(629, 600)"
1861,"(601, 600)"
1862,"(630, 600)"
1863,"(631, 600)"
1864,"(602, 601)"
1865,"(631, 601)"
1866,"(632, 601)"
1867,"(603, 602)"
1868,"(632, 602)"
1869,"(633, 602)"
1870,"(604, 603)"
1871,"(633, 603)"
1872,"(634, 603)"
1873,"(605, 604)"
1874,"(634, 604)"
1875,"(635, 604)"
1876,"(606, 605)"
1877,"(635, 605)"
1878,"(636, 605)"
1879,"(607, 606)"
1880,"(636, 606)"
1881,"(637, 606)"
1882,"(608, 607)"
1883,"(637, 607)"
1884,"(638, 607)"
1885,"(609, 608)"
1886,"(638, 608)"
1887,"(639, 608)"
1888,"(610, 609)"
1889,"(639, 609)"
1890,"(640, 609)"
1891,"(611, 610)"
1892,"(640, 610)"
1893,"(641, 610)"
1894,"(612, 611)"
1895,"(641, 611)"
1896,"(642, 611)"
1897,"(613, 612)"
1898,"(642, 612)"
1899,"(643, 612)"
1900,"(614, 613)"
1901,"(643, 613)"
1902,"(644, 613)"
1903,"(615, 614)"
1904,"(644, 614)"
1905,"(645, 614)"
1906,"(616, 615)"
1907,"(645, 615)"
1908,"(646, 615)"
1909,"(617, 616)"
1910,"(646, 616)"
1911,"(647, 616)"
1912,"(618, 617)"
1913,"(647, 617)"
1914,"(648, 617)"
1915,"(619, 618)"
1916,"(648, 618)"
1917,"(649, 618)"
1918,"(620, 619)"
1919,"(649, 619)"
1920,"(650, 619)"
1921,"(621, 620)"
1922,"(650, 620)"
1923,"(651, 620)"
1924,"(622, 621)"
1925,"(651, 621)"
1926,"(652, 621)"
1927,"(623, 622)"
1928,"(652, 622)"
1929,"(653, 622)"
1930,"(624, 623)"
1931,"(653, 623)"
1932,"(654, 623)"
1933,"(625, 624)"
1934,"(654, 624)"
1935,"(655, 624)"
1936,"(626, 625)"
1937,"(655, 625)"
1938,"(656, 625)"
1939,"(627, 626)"
1940,"(656, 626)"
1941,"(657, 626)"
1942,"(628, 627)"
1943,"(657, 627)"
1944,"(658, 627)"
1945,"(629, 628)"
1946,"(658, 628)"
1947,"(659, 628)"
1948,"(659, 629)"
1949,"(630, 629)"
1950,"(659, 630)"
1951,"(631, 630)"
1952,"(689, 630)"
1953,"(660, 630)"
1954,"(632, 631)"
1955,"(660, 631)"
1956,"(661, 631)"
1957,"(633, 632)"
1958,"(661, 632)"
1959,"(662, 632)"
1960,"(634, 633)"
1961,"(662, 633)"
1962,"(663, 633)"
1963,"(635, 634)"
1964,"(663, 634)"
1965,"(664, 634)"
1966,"(636, 635)"
1967,"(664, 635)"
1968,"(665, 635)"
1969,"(637, 636)"
1970,"(665, 636)"
1971,"(666, 636)"
1972,"(638, 637)"
1973,"(666, 637)"
1974,"(667, 637)"
1975,"(639, 638)"
1976,"(667, 638)"
1977,"(668, 638)"
1978,"(640, 639)"
1979,"(668, 639)"
1980,"(669, 639)"
1981,"(641, 640)"
1982,"(669, 640)"
1983,"(670, 640)"
1984,"(642, 641)"
1985,"(670, 641)"
1986,"(671, 641)"
1987,"(643, 642)"
1988,"(671, 642)"
1989,"(672, 642)"
1990,"(644, 643)"
1991,"(672, 643)"
1992,"(673, 643)"
1993,"(645, 644)"
1994,"(673, 644)"
1995,"(674, 644)"
1996,"(646, 645)"
1997,"(674, 645)"
1998,"(675, 645)"
1999,"(647, 646)"
2000,"(675, 646)"
2001,"(676, 646)"
2002,"(648, 647)"
2003,"(676, 647)"
2004,"(677, 647)"
2005,"(649, 648)"
2006,"(677, 648)"
2007,"(678, 648)"
2008,"(650, 649)"
2009,"(678, 649)"
2010,"(679, 649)"
2011,"(651, 650)"
2012,"(679, 650)"
2013,"(680, 650)"
2014,"(652, 651)"
2015,"(680, 651)"
2016,"(681, 651)"
2017,"(653, 652)"
2018,"(681, 652)"
2019,"(682, 652)"
2020,"(654, 653)"
2021,"(682, 653)"
2022,"(683, 653)"
2023,"(655, 654)"
2024,"(683, 654)"
2025,"(684, 654)"
2026,"(656, 655)"
2027,"(684, 655)"
2028,"(685, 655)"
2029,"(657, 656)"
2030,"(685, 656)"
2031,"(686, 656)"
2032,"(658, 657)"
2033,"(686, 657)"
2034,"(687, 657)"
2035,"(659, 658)"
2036,"(687, 658)"
2037,"(688, 658)"
2038,"(688, 659)"
2039,"(689, 659)"
2040,"(689, 660)"
2041,"(661, 660)"
2042,"(690, 660)"
2043,"(691, 660)"
2044,"(662, 661)"
2045,"(691, 661)"
2046,"(692, 661)"
2047,"(663, 662)"
2048,"(692, 662)"
2049,"(693, 662)"
2050,"(664, 663)"
2051,"(693, 663)"
2052,"(694, 663)"
2053,"(665, 664)"
2054,"(694, 664)"
2055,"(695, 664)"
2056,"(666, 665)"
2057,"(695, 665)"
2058,"(696, 665)"
2059,"(667, 666)"
2060,"(696, 666)"
2061,"(697, 666)"
2062,"(668, 667)"
2063,"(697, 667)"
2064,"(698, 667)"
2065,"(669, 668)"
2066,"(698, 668)"
2067,"(699, 668)"
2068,"(670, 669)"
2069,"(699, 669)"
2070,"(700, 669)"
2071,"(671, 670)"
2072,"(700, 670)"
2073,"(701, 670)"
2074,"(672, 671)"
2075,"(701, 671)"
2076,"(702, 671)"
2077,"(673, 672)"
2078,"(702, 672)"
2079,"(703, 672)"
2080,"(674, 673)"
2081,"(703, 673)"
2082,"(704, 673)"
2083,"(675, 674)"
2084,"(704, 674)"
2085,"(705, 674)"
2086,"(676, 675)"
2087,"(705, 675)"
2088,"(706, 675)"
2089,"(677, 676)"
2090,"(706, 676)"
2091,"(707, 676)"
2092,"(678, 677)"
2093,"(707, 677)"
2094,"(708, 677)"
2095,"(679, 678)"
2096,"(708, 678)"
2097,"(709, 678)"
2098,"(680, 679)"
2099,"(709, 679)"
2100,"(710, 679)"
2101,"(681, 680)"
2102,"(710, 680)"
2103,"(711, 680)"
2104,"(682, 681)"
2105,"(711, 681)"
2106,"(712, 681)"
2107,"(683, 682)"
2108,"(712, 682)"
2109,"(713, 682)"
2110,"(684, 683)"
2111,"(713, 683)"
2112,"(714, 683)"
2113,"(685, 684)"
2114,"(714, 684)"
2115,"(715, 684)"
2116,"(686, 685)"
2117,"(715, 685)"
2118,"(716, 685)"
2119,"(687, 686)"
2120,"(716, 686)"
2121,"(717, 686)"
2122,"(688, 687)"
2123,"(717, 687)"
2124,"(718, 687)"
2125,"(689, 688)"
2126,"(718, 688)"
2127,"(719, 688)"
2128,"(719, 689)"
2129,"(690, 689)"
2130,"(719, 690)"
2131,"(691, 690)"
2132,"(749, 690)"
2133,"(720, 690)"
2134,"(692, 691)"
2135,"(720, 691)"
2136,"(721, 691)"
2137,"(693, 692)"
2138,"(721, 692)"
2139,"(722, 692)"
2140,"(694, 693)"
2141,"(722, 693)"
2142,"(723, 693)"
2143,"(695, 694)"
2144,"(723, 694)"
2145,"(724, 694)"
2146,"(696, 695)"
2147,"(724, 695)"
2148,"(725, 695)"
2149,"(697, 696)"
2150,"(725, 696)"
2151,"(726, 696)"
2152,"(698, 697)"
2153,"(726, 697)"
2154,"(727, 697)"
2155,"(699, 698)"
2156,"(727, 698)"
2157,"(728, 698)"
2158,"(700, 699)"
2159,"(728, 699)"
2160,"(729, 699)"
2161,"(701, 700)"
2162,"(729, 700)"
2163,"(730, 700)"
2164,"(702, 701)"
2165,"(730, 701)"
2166,"(731, 701)"
2167,"(703, 702)"
2168,"(731, 702)"
2169,"(732, 702)"
2170,"(704, 703)"
2171,"(732, 703)"
2172,"(733, 703)"
2173,"(705, 704)"
2174,"(733, 704)"
2175,"(734, 704)"
2176,"(706, 705)"
2177,"(734, 705)"
2178,"(735, 705)"
2179,"(707, 706)"
2180,"(735, 706)"
2181,"(736, 706)"
2182,"(708, 707)"
2183,"(736, 707)"
2184,"(737, 707)"
2185,"(709, 708)"
2186,"(737, 708)"
2187,"(738, 708)"
2188,"(710, 709)"
2189,"(738, 709)"
2190,"(739, 709)"
2191,"(711, 710)"
2192,"(739, 710)"
2193,"(740, 710)"
2194,"(712, 711)"
2195,"(740, 711)"
2196,"(741, 711)"
2197,"(713, 712)"
2198,"(741, 712)"
2199,"(742, 712)"
2200,"(714, 713)"
2201,"(742, 713)"
2202,"(743, 713)"
2203,"(715, 714)"
2204,"(743, 714)"
2205,"(744, 714)"
2206,"(716, 715)"
2207,"(744, 715)"
2208,"(745, 715)"
2209,"(717, 716)"
2210,"(745, 716)"
2211,"(746, 716)"
2212,"(718, 717)"
2213,"(746, 717)"
2214,"(747, 717)"
2215,"(719, 718)"
2216,"(747, 718)"
2217,"(748, 718)"
2218,"(748, 719)"
2219,"(749, 719)"
2220,"(749, 720)"
2221,"(721, 720)"
2222,"(750, 720)"
2223,"(751, 720)"
2224,"(722, 721)"
2225,"(751, 721)"
2226,"(752, 721)"
2227,"(723, 722)"
2228,"(752, 722)"
2229,"(753, 722)"
2230,"(724, 723)"
2231,"(753, 723)"
2232,"(754, 723)"
2233,"(725, 724)"
2234,"(754, 724)"
2235,"(755, 724)"
2236,"(726, 725)"
2237,"(755, 725)"
2238,"(756, 725)"
2239,"(727, 726)"
2240,"(756, 726)"
2241,"(757, 726)"
2242,"(728, 727)"
2243,"(757, 727)"
2244,"(758, 727)"
2245,"(729, 728)"
2246,"(758, 728)"
2247,"(759, 728)"
2248,"(730, 729)"
2249,"(759, 729)"
2250,"(760, 729)"
2251,"(731, 730)"
2252,"(760, 730)"
2253,"(761, 730)"
2254,"(732, 731)"
2255,"(761, 731)"
2256,"(762, 731)"
2257,"(733, 732)"
2258,"(762, 732)"
2259,"(763, 732)"
2260,"(734, 733)"
2261,"(763, 733)"
2262,"(764, 733)"
2263,"(735, 734)"
2264,"(764, 734)"
2265,"(765, 734)"
2266,"(736, 735)"
2267,"(765, 735)"
2268,"(766, 735)"
2269,"(737, 736)"
2270,"(766, 736)"
2271,"(767, 736)"
2272,"(738, 737)"
2273,"(767, 737)"
2274,"(768, 737)"
2275,"(739, 738)"
2276,"(768, 738)"
2277,"(769, 738)"
2278,"(740, 739)"
2279,"(769, 739)"
2280,"(770, 739)"
2281,"(741, 740)"
2282,"(770, 740)"
2283,"(771, 740)"
2284,"(742, 741)"
2285,"(771, 741)"
2286,"(772, 741)"
2287,"(743, 742)"
2288,"(772, 742)"
2289,"(773, 742)"
2290,"(744, 743)"
2291,"(773, 743)"
2292,"(774, 743)"
2293,"(745, 744)"
2294,"(774, 744)"
2295,"(775, 744)"
2296,"(746, 745)"
2297,"(775, 745)"
2298,"(776, 745)"
2299,"(747, 746)"
2300,"(776, 746)"
2301,"(777, 746)"
2302,"(748, 747)"
2303,"(777, 747)"
2304,"(778, 747)"
2305,"(749, 748)"
2306,"(778, 748)"
2307,"(779, 748)"
2308,"(779, 749)"
2309,"(750, 749)"
2310,"(779, 750)"
2311,"(751, 750)"
2312,"(809, 750)"
2313,"(780, 750)"
2314,"(752, 751)"
2315,"(780, 751)"
2316,"(781, 751)"
2317,"(753, 752)"
2318,"(781, 752)"
2319,"(782, 752)"
2320,"(754, 753)"
2321,"(782, 753)"
2322,"(783, 753)"
2323,"(755, 754)"
2324,"(783, 754)"
2325,"(784, 754)"
2326,"(756, 755)"
2327,"(784, 755)"
2328,"(785, 755)"
2329,"(757, 756)"
2330,"(785, 756)"
2331,"(786, 756)"
2332,"(758, 757)"
2333,"(786, 757)"
2334,"(787, 757)"
2335,"(759, 758)"
2336,"(787, 758)"
2337,"(788, 758)"
2338,"(760, 759)"
2339,"(788, 759)"
2340,"(789, 759)"
2341,"(761, 760)"
2342,"(789, 760)"
2343,"(790, 760)"
2344,"(762, 761)"
2345,"(790, 761)"
2346,"(791, 761)"
2347,"(763, 762)"
2348,"(791, 762)"
2349,"(792, 762)"
2350,"(764, 763)"
2351,"(792, 763)"
2352,"(793, 763)"
2353,"(765, 764)"
2354,"(793, 764)"
2355,"(794, 764)"
2356,"(766, 765)"
2357,"(794, 765)"
2358,"(795, 765)"
2359,"(767, 766)"
2360,"(795, 766)"
2361,"(796, 766)"
2362,"(768, 767)"
2363,"(796, 767)"
2364,"(797, 767)"
2365,"(769, 768)"
2366,"(797, 768)"
2367,"(798, 768)"
2368,"(770, 769)"
2369,"(798, 769)"
2370,"(799, 769)"
2371,"(771, 770)"
2372,"(799, 770)"
2373,"(800, 770)"
2374,"(772, 771)"
2375,"(800, 771)"
2376,"(801, 771)"
2377,"(773, 772)"
2378,"(801, 772)"
2379,"(802, 772)"
2380,"(774, 773)"
2381,"(802, 773)"
2382,"(803, 773)"
2383,"(775, 774)"
2384,"(803, 774)"
2385,"(804, 774)"
2386,"(776, 775)"
2387,"(804, 775)"
2388,"(805, 775)"
2389,"(777, 776)"
2390,"(805, 776)"
2391,"(806, 776)"
2392,"(778, 777)"
2393,"(806, 777)"
2394,"(807, 777)"
2395,"(779, 778)"
2396,"(807, 778)"
2397,"(808, 778)"
2398,"(808, 779)"
2399,"(809, 779)"
2400,"(809, 780)"
2401,"(781, 780)"
2402,"(810, 780)"
2403,"(811, 780)"
2404,"(782, 781)"
2405,"(811, 781)"
2406,"(812, 781)"
2407,"(783, 782)"
2408,"(812, 782)"
2409,"(813, 782)"
2410,"(784, 783)"
2411,"(813, 783)"
2412,"(814, 783)"
2413,"(785, 784)"
2414,"(814, 784)"
2415,"(815, 784)"
2416,"(786, 785)"
2417,"(815, 785)"
2418,"(816, 785)"
2419,"(787, 786)"
2420,"(816, 786)"
2421,"(817, 786)"
2422,"(788, 787)"
2423,"(817, 787)"
2424,"(818, 787)"
2425,"(789, 788)"
2426,"(818, 788)"
2427,"(819, 788)"
2428,"(790, 789)"
2429,"(819, 789)"
2430,"(820, 789)"
2431,"(791, 790)"
2432,"(820, 790)"
2433,"(821, 790)"
2434,"(792, 791)"
2435,"(821, 791)"
2436,"(822, 791)"
2437,"(793, 792)"
2438,"(822, 792)"
2439,"(823, 792)"
2440,"(794, 793)"
2441,"(823, 793)"
2442,"(824, 793)"
2443,"(795, 794)"
2444,"(824, 794)"
2445,"(825, 794)"
2446,"(796, 795)"
2447,"(825, 795)"
2448,"(826, 795)"
2449,"(797, 796)"
2450,"(826, 796)"
2451,"(827, 796)"
2452,"(798, 797)"
2453,"(827, 797)"
2454,"(828, 797)"
2455,"(799, 798)"
2456,"(828, 798)"
2457,"(829, 798)"
2458,"(800, 799)"
2459,"(829, 799)"
2460,"(830, 799)"
2461,"(801, 800)"
2462,"(830, 800)"
2463,"(831, 800)"
2464,"(802, 801)"
2465,"(831, 801)"
2466,"(832, 801)"
2467,"(803, 802)"
2468,"(832, 802)"
2469,"(833, 802)"
2470,"(804, 803)"
2471,"(833, 803)"
2472,"(834, 803)"
2473,"(805, 804)"
2474,"(834, 804)"
2475,"(835, 804)"
2476,"(806, 805)"
2477,"(835, 805)"
2478,"(836, 805)"
2479,"(807, 806)"
2480,"(836, 806)"
2481,"(837, 806)"
2482,"(808, 807)"
2483,"(837, 807)"
2484,"(838, 807)"
2485,"(809, 808)"
2486,"(838, 808)"
2487,"(839, 808)"
2488,"(839, 809)"
2489,"(810, 809)"
2490,"(839, 810)"
2491,"(811, 810)"
2492,"(869, 810)"
2493,"(840, 810)"
2494,"(812, 811)"
2495,"(840, 811)"
2496,"(841, 811)"
2497,"(813, 812)"
2498,"(841, 812)"
2499,"(842, 812)"
2500,"(814, 813)"
2501,"(842, 813)"
2502,"(843, 813)"
2503,"(815, 814)"
2504,"(843, 814)"
2505,"(844, 814)"
2506,"(816, 815)"
2507,"(844, 815)"
2508,"(845, 815)"
2509,"(817, 816)"
2510,"(845, 816)"
2511,"(846, 816)"
2512,"(818, 817)"
2513,"(846, 817)"
2514,"(847, 817)"
2515,"(819, 818)"
2516,"(847, 818)"
2517,"(848, 818)"
2518,"(820, 819)"
2519,"(848, 819)"
2520,"(849, 819)"
2521,"(821, 820)"
2522,"(849, 820)"
2523,"(850, 820)"
2524,"(822, 821)"
2525,"(850, 821)"
2526,"(851, 821)"
2527,"(823, 822)"
2528,"(851, 822)"
2529,"(852, 822)"
2530,"(824, 823)"
2531,"(852, 823)"
2532,"(853, 823)"
2533,"(825, 824)"
2534,"(853, 824)"
2535,"(854, 824)"
2536,"(826, 825)"
2537,"(854, 825)"
2538,"(855, 825)"
2539,"(827, 826)"
2540,"(855, 826)"
2541,"(856, 826)"
2542,"(828, 827)"
2543,"(856, 827)"
2544,"(857, 827)"
2545,"(829, 828)"
2546,"(857, 828)"
2547,"(858, 828)"
2548,"(830, 829)"
2549,"(858, 829)"
2550,"(859, 829)"
2551,"(831, 830)"
2552,"(859, 830)"
2553,"(860, 830)"
2554,"(832, 831)"
2555,"(860, 831)"
2556,"(861, 831)"
2557,"(833, 832)"
2558,"(861, 832)"
2559,"(862, 832)"
2560,"(834, 833)"
2561,"(862, 833)"
2562,"(863, 833)"
2563,"(835, 834)"
2564,"(863, 834)"
2565,"(864, 834)"
2566,"(836, 835)"
2567,"(864, 835)"
2568,"(865, 835)"
2569,"(837, 836)"
2570,"(865, 836)"
2571,"(866, 836)"
2572,"(838, 837)"
2573,"(866, 837)"
2574,"(867, 837)"
2575,"(839, 838)"
2576,"(867, 838)"
2577,"(868, 838)"
2578,"(868, 839)"
2579,"(869, 839)"
2580,"(869, 840)"
2581,"(841, 840)"
2582,"(870, 840)"
2583,"(871, 840)"
2584,"(842, 841)"
2585,"(871, 841)"
2586,"(872, 841)"
2587,"(843, 842)"
2588,"(872, 842)"
2589,"(873, 842)"
2590,"(844, 843)"
2591,"(873, 843)"
2592,"(874, 843)"
2593,"(845, 844)"
2594,"(874, 844)"
2595,"(875, 844)"
2596,"(846, 845)"
2597,"(875, 845)"
2598,"(876, 845)"
2599,"(847, 846)"
2600,"(876, 846)"
2601,"(877, 846)"
2602,"(848, 847)"
2603,"(877, 847)"
2604,"(878, 847)"
2605,"(849, 848)"
2606,"(878, 848)"
2607,"(879, 848)"
2608,"(850, 849)"
2609,"(879, 849)"
2610,"(880, 849)"
2611,"(851, 850)"
2612,"(880, 850)"
2613,"(881, 850)"
2614,"(852, 851)"
2615,"(881, 851)"
2616,"(882, 851)"
2617,"(853, 852)"
2618,"(882, 852)"
2619,"(883, 852)"
2620,"(854, 853)"
2621,"(883, 853)"
2622,"(884, 853)"
2623,"(855, 854)"
2624,"(884, 854)"
2625,"(885, 854)"
2626,"(856, 855)"
2627,"(885, 855)"
2628,"(886, 855)"
2629,"(857, 856)"
2630,"(886, 856)"
2631,"(887, 856)"
2632,"(858, 857)"
2633,"(887, 857)"
2634,"(888, 857)"
2635,"(859, 858)"
2636,"(888, 858)"
2637,"(889, 858)"
2638,"(860, 859)"
2639,"(889, 859)"
2640,"(890, 859)"
2641,"(861, 860)"
2642,"(890, 860)"
2643,"(891, 860)"
2644,"(862, 861)"
2645,"(891, 861)"
2646,"(892, 861)"
2647,"(863, 862)"
2648,"(892, 862)"
2649,"(893, 862)"
2650,"(864, 863)"
2651,"(893, 863)"
2652,"(894, 863)"
2653,"(865, 864)"
2654,"(894, 864)"
2655,"(895, 864)"
2656,"(866, 865)"
2657,"(895, 865)"
2658,"(896, 865)"
2659,"(867, 866)"
2660,"(896, 866)"
2661,"(897, 866)"
2662,"(868, 867)"
2663,"(897, 867)"
2664,"(898, 867)"
2665,"(869, 868)"
2666,"(898, 868)"
2667,"(899, 868)"
2668,"(899, 869)"
2669,"(870, 869)"
2670,"(899, 870)"
2671,"(871, 870)"
2672,"(872, 871)"
2673,"(873, 872)"
2674,"(874, 873)"
2675,"(875, 874)"
2676,"(876, 875)"
2677,"(877, 876)"
2678,"(878, 877)"
2679,"(879, 878)"
2680,"(880, 879)"
2681,"(881, 880)"
2682,"(882, 881)"
2683,"(883, 882)"
2684,"(884, 883)"
2685,"(885, 884)"
2686,"(886, 885)"
2687,"(887, 886)"
2688,"(888, 887)"
2689,"(889, 888)"
2690,"(890, 889)"
2691,"(891, 890)"
2692,"(892, 891)"
2693,"(893, 892)"
2694,"(894, 893)"
2695,"(895, 894)"
2696,"(896, 895)"
2697,"(897, 896)"
2698,"(898, 897)"
2699,"(899, 898)"
