0,"[0, 5]"
1,"[0, 1]"
2,"[4, 5]"
3,"[1, 2]"
4,"[3, 4]"
5,"[2, 3]"
6,"[120, 1]"
7,"[120, 121]"
8,"[121, 122]"
9,"[2, 123]"
10,"[122, 123]"
11,"[121, 180]"
12,"[180, 181]"
13,"[181, 182]"
14,"[122, 183]"
15,"[182, 183]"
16,"[240, 181]"
17,"[240, 241]"
18,"[241, 242]"
19,"[243, 182]"
20,"[242, 243]"
21,"[241, 300]"
22,"[300, 301]"
23,"[301, 302]"
24,"[242, 303]"
25,"[302, 303]"
26,"[360, 301]"
27,"[360, 361]"
28,"[361, 362]"
29,"[363, 302]"
30,"[362, 363]"
31,"[361, 420]"
32,"[420, 421]"
33,"[421, 422]"
34,"[362, 423]"
35,"[422, 423]"
36,"[480, 421]"
37,"[480, 481]"
38,"[481, 482]"
39,"[483, 422]"
40,"[482, 483]"
41,"[481, 540]"
42,"[540, 541]"
43,"[541, 542]"
44,"[482, 543]"
45,"[542, 543]"
46,"[600, 541]"
47,"[600, 601]"
48,"[601, 602]"
49,"[603, 542]"
50,"[602, 603]"
51,"[601, 660]"
52,"[660, 661]"
53,"[661, 662]"
54,"[602, 663]"
55,"[662, 663]"
56,"[720, 661]"
57,"[720, 721]"
58,"[721, 722]"
59,"[723, 662]"
60,"[722, 723]"
61,"[721, 780]"
62,"[780, 781]"
63,"[781, 782]"
64,"[722, 783]"
65,"[782, 783]"
66,"[840, 781]"
67,"[840, 841]"
68,"[841, 842]"
69,"[843, 782]"
70,"[842, 843]"
71,"[841, 900]"
72,"[900, 901]"
73,"[901, 902]"
74,"[842, 903]"
75,"[902, 903]"
76,"[960, 901]"
77,"[960, 961]"
78,"[961, 962]"
79,"[963, 902]"
80,"[962, 963]"
81,"[961, 1020]"
82,"[1020, 1021]"
83,"[1021, 1022]"
84,"[962, 1023]"
85,"[1022, 1023]"
86,"[1080, 1021]"
87,"[1080, 1081]"
88,"[1081, 1082]"
89,"[1083, 1022]"
90,"[1082, 1083]"
91,"[1081, 1140]"
92,"[1140, 1141]"
93,"[1141, 1142]"
94,"[1082, 1143]"
95,"[1142, 1143]"
96,"[1200, 1141]"
97,"[1200, 1201]"
98,"[1201, 1202]"
99,"[1203, 1142]"
100,"[1202, 1203]"
101,"[1201, 1260]"
102,"[1260, 1261]"
103,"[1261, 1262]"
104,"[1202, 1263]"
105,"[1262, 1263]"
106,"[1320, 1261]"
107,"[1320, 1321]"
108,"[1321, 1322]"
109,"[1323, 1262]"
110,"[1322, 1323]"
111,"[1321, 1380]"
112,"[1380, 1381]"
113,"[1381, 1382]"
114,"[1322, 1383]"
115,"[1382, 1383]"
116,"[1440, 1381]"
117,"[1440, 1441]"
118,"[1441, 1442]"
119,"[1443, 1382]"
120,"[1442, 1443]"
121,"[1441, 1500]"
122,"[1500, 1501]"
123,"[1501, 1502]"
124,"[1442, 1503]"
125,"[1502, 1503]"
126,"[1560, 1501]"
127,"[1560, 1561]"
128,"[1561, 1562]"
129,"[1563, 1502]"
130,"[1562, 1563]"
131,"[1561, 1620]"
132,"[1620, 1621]"
133,"[1621, 1622]"
134,"[1562, 1623]"
135,"[1622, 1623]"
136,"[1680, 1621]"
137,"[1680, 1681]"
138,"[1681, 1682]"
139,"[1683, 1622]"
140,"[1682, 1683]"
141,"[1681, 1740]"
142,"[1740, 1741]"
143,"[1741, 1742]"
144,"[1682, 1743]"
145,"[1742, 1743]"
146,"[1741, 118]"
147,"[5, 118]"
148,"[9, 1742]"
149,"[9, 4]"
150,"[8, 9]"
151,"[3, 6]"
152,"[8, 7]"
153,"[6, 7]"
154,"[123, 124]"
155,"[10, 6]"
156,"[10, 124]"
157,"[184, 183]"
158,"[124, 125]"
159,"[184, 125]"
160,"[243, 244]"
161,"[184, 185]"
162,"[185, 244]"
163,"[304, 303]"
164,"[244, 245]"
165,"[304, 245]"
166,"[363, 364]"
167,"[304, 305]"
168,"[305, 364]"
169,"[424, 423]"
170,"[364, 365]"
171,"[424, 365]"
172,"[483, 484]"
173,"[424, 425]"
174,"[425, 484]"
175,"[544, 543]"
176,"[484, 485]"
177,"[544, 485]"
178,"[603, 604]"
179,"[544, 545]"
180,"[545, 604]"
181,"[664, 663]"
182,"[604, 605]"
183,"[664, 605]"
184,"[723, 724]"
185,"[664, 665]"
186,"[665, 724]"
187,"[784, 783]"
188,"[724, 725]"
189,"[784, 725]"
190,"[843, 844]"
191,"[784, 785]"
192,"[785, 844]"
193,"[904, 903]"
194,"[844, 845]"
195,"[904, 845]"
196,"[963, 964]"
197,"[904, 905]"
198,"[905, 964]"
199,"[1024, 1023]"
200,"[964, 965]"
201,"[1024, 965]"
202,"[1083, 1084]"
203,"[1024, 1025]"
204,"[1025, 1084]"
205,"[1144, 1143]"
206,"[1084, 1085]"
207,"[1144, 1085]"
208,"[1203, 1204]"
209,"[1144, 1145]"
210,"[1145, 1204]"
211,"[1264, 1263]"
212,"[1204, 1205]"
213,"[1264, 1205]"
214,"[1323, 1324]"
215,"[1264, 1265]"
216,"[1265, 1324]"
217,"[1384, 1383]"
218,"[1324, 1325]"
219,"[1384, 1325]"
220,"[1443, 1444]"
221,"[1384, 1385]"
222,"[1385, 1444]"
223,"[1504, 1503]"
224,"[1444, 1445]"
225,"[1504, 1445]"
226,"[1563, 1564]"
227,"[1504, 1505]"
228,"[1505, 1564]"
229,"[1624, 1623]"
230,"[1564, 1565]"
231,"[1624, 1565]"
232,"[1683, 1684]"
233,"[1624, 1625]"
234,"[1625, 1684]"
235,"[1744, 1743]"
236,"[1684, 1685]"
237,"[1744, 1685]"
238,"[1744, 1745]"
239,"[8, 1745]"
240,"[13, 7]"
241,"[10, 11]"
242,"[12, 13]"
243,"[11, 12]"
244,"[125, 126]"
245,"[11, 127]"
246,"[126, 127]"
247,"[185, 186]"
248,"[187, 126]"
249,"[186, 187]"
250,"[245, 246]"
251,"[186, 247]"
252,"[246, 247]"
253,"[305, 306]"
254,"[307, 246]"
255,"[306, 307]"
256,"[365, 366]"
257,"[306, 367]"
258,"[366, 367]"
259,"[425, 426]"
260,"[427, 366]"
261,"[426, 427]"
262,"[485, 486]"
263,"[426, 487]"
264,"[486, 487]"
265,"[545, 546]"
266,"[547, 486]"
267,"[546, 547]"
268,"[605, 606]"
269,"[546, 607]"
270,"[606, 607]"
271,"[665, 666]"
272,"[667, 606]"
273,"[666, 667]"
274,"[725, 726]"
275,"[666, 727]"
276,"[726, 727]"
277,"[785, 786]"
278,"[787, 726]"
279,"[786, 787]"
280,"[845, 846]"
281,"[786, 847]"
282,"[846, 847]"
283,"[905, 906]"
284,"[907, 846]"
285,"[906, 907]"
286,"[965, 966]"
287,"[906, 967]"
288,"[966, 967]"
289,"[1025, 1026]"
290,"[1027, 966]"
291,"[1026, 1027]"
292,"[1085, 1086]"
293,"[1026, 1087]"
294,"[1086, 1087]"
295,"[1145, 1146]"
296,"[1147, 1086]"
297,"[1146, 1147]"
298,"[1205, 1206]"
299,"[1146, 1207]"
300,"[1206, 1207]"
301,"[1265, 1266]"
302,"[1267, 1206]"
303,"[1266, 1267]"
304,"[1325, 1326]"
305,"[1266, 1327]"
306,"[1326, 1327]"
307,"[1385, 1386]"
308,"[1387, 1326]"
309,"[1386, 1387]"
310,"[1445, 1446]"
311,"[1386, 1447]"
312,"[1446, 1447]"
313,"[1505, 1506]"
314,"[1507, 1446]"
315,"[1506, 1507]"
316,"[1565, 1566]"
317,"[1506, 1567]"
318,"[1566, 1567]"
319,"[1625, 1626]"
320,"[1627, 1566]"
321,"[1626, 1627]"
322,"[1685, 1686]"
323,"[1626, 1687]"
324,"[1686, 1687]"
325,"[1745, 1746]"
326,"[1747, 1686]"
327,"[1746, 1747]"
328,"[17, 1746]"
329,"[17, 13]"
330,"[16, 17]"
331,"[12, 14]"
332,"[16, 15]"
333,"[14, 15]"
334,"[128, 127]"
335,"[18, 14]"
336,"[128, 18]"
337,"[187, 188]"
338,"[128, 129]"
339,"[129, 188]"
340,"[248, 247]"
341,"[188, 189]"
342,"[248, 189]"
343,"[307, 308]"
344,"[248, 249]"
345,"[249, 308]"
346,"[368, 367]"
347,"[308, 309]"
348,"[368, 309]"
349,"[427, 428]"
350,"[368, 369]"
351,"[369, 428]"
352,"[488, 487]"
353,"[428, 429]"
354,"[488, 429]"
355,"[547, 548]"
356,"[488, 489]"
357,"[489, 548]"
358,"[608, 607]"
359,"[548, 549]"
360,"[608, 549]"
361,"[667, 668]"
362,"[608, 609]"
363,"[609, 668]"
364,"[728, 727]"
365,"[668, 669]"
366,"[728, 669]"
367,"[787, 788]"
368,"[728, 729]"
369,"[729, 788]"
370,"[848, 847]"
371,"[788, 789]"
372,"[848, 789]"
373,"[907, 908]"
374,"[848, 849]"
375,"[849, 908]"
376,"[968, 967]"
377,"[908, 909]"
378,"[968, 909]"
379,"[1027, 1028]"
380,"[968, 969]"
381,"[969, 1028]"
382,"[1088, 1087]"
383,"[1028, 1029]"
384,"[1088, 1029]"
385,"[1147, 1148]"
386,"[1088, 1089]"
387,"[1089, 1148]"
388,"[1208, 1207]"
389,"[1148, 1149]"
390,"[1208, 1149]"
391,"[1267, 1268]"
392,"[1208, 1209]"
393,"[1209, 1268]"
394,"[1328, 1327]"
395,"[1268, 1269]"
396,"[1328, 1269]"
397,"[1387, 1388]"
398,"[1328, 1329]"
399,"[1329, 1388]"
400,"[1448, 1447]"
401,"[1388, 1389]"
402,"[1448, 1389]"
403,"[1507, 1508]"
404,"[1448, 1449]"
405,"[1449, 1508]"
406,"[1568, 1567]"
407,"[1508, 1509]"
408,"[1568, 1509]"
409,"[1627, 1628]"
410,"[1568, 1569]"
411,"[1569, 1628]"
412,"[1688, 1687]"
413,"[1628, 1629]"
414,"[1688, 1629]"
415,"[1747, 1748]"
416,"[1688, 1689]"
417,"[1689, 1748]"
418,"[1748, 1749]"
419,"[16, 1749]"
420,"[21, 15]"
421,"[18, 19]"
422,"[20, 21]"
423,"[19, 20]"
424,"[129, 130]"
425,"[19, 131]"
426,"[130, 131]"
427,"[189, 190]"
428,"[130, 191]"
429,"[190, 191]"
430,"[249, 250]"
431,"[251, 190]"
432,"[250, 251]"
433,"[309, 310]"
434,"[250, 311]"
435,"[310, 311]"
436,"[369, 370]"
437,"[371, 310]"
438,"[370, 371]"
439,"[429, 430]"
440,"[370, 431]"
441,"[430, 431]"
442,"[489, 490]"
443,"[491, 430]"
444,"[490, 491]"
445,"[549, 550]"
446,"[490, 551]"
447,"[550, 551]"
448,"[609, 610]"
449,"[611, 550]"
450,"[610, 611]"
451,"[669, 670]"
452,"[610, 671]"
453,"[670, 671]"
454,"[729, 730]"
455,"[731, 670]"
456,"[730, 731]"
457,"[789, 790]"
458,"[730, 791]"
459,"[790, 791]"
460,"[849, 850]"
461,"[851, 790]"
462,"[850, 851]"
463,"[909, 910]"
464,"[850, 911]"
465,"[910, 911]"
466,"[969, 970]"
467,"[971, 910]"
468,"[970, 971]"
469,"[1029, 1030]"
470,"[970, 1031]"
471,"[1030, 1031]"
472,"[1089, 1090]"
473,"[1091, 1030]"
474,"[1090, 1091]"
475,"[1149, 1150]"
476,"[1090, 1151]"
477,"[1150, 1151]"
478,"[1209, 1210]"
479,"[1211, 1150]"
480,"[1210, 1211]"
481,"[1269, 1270]"
482,"[1210, 1271]"
483,"[1270, 1271]"
484,"[1329, 1330]"
485,"[1331, 1270]"
486,"[1330, 1331]"
487,"[1389, 1390]"
488,"[1330, 1391]"
489,"[1390, 1391]"
490,"[1449, 1450]"
491,"[1451, 1390]"
492,"[1450, 1451]"
493,"[1509, 1510]"
494,"[1450, 1511]"
495,"[1510, 1511]"
496,"[1569, 1570]"
497,"[1571, 1510]"
498,"[1570, 1571]"
499,"[1629, 1630]"
500,"[1570, 1631]"
501,"[1630, 1631]"
502,"[1689, 1690]"
503,"[1691, 1630]"
504,"[1690, 1691]"
505,"[1749, 1750]"
506,"[1690, 1751]"
507,"[1750, 1751]"
508,"[25, 1750]"
509,"[25, 21]"
510,"[24, 25]"
511,"[20, 22]"
512,"[24, 23]"
513,"[22, 23]"
514,"[131, 132]"
515,"[26, 22]"
516,"[26, 132]"
517,"[192, 191]"
518,"[132, 133]"
519,"[192, 133]"
520,"[251, 252]"
521,"[192, 193]"
522,"[193, 252]"
523,"[312, 311]"
524,"[252, 253]"
525,"[312, 253]"
526,"[371, 372]"
527,"[312, 313]"
528,"[313, 372]"
529,"[432, 431]"
530,"[372, 373]"
531,"[432, 373]"
532,"[491, 492]"
533,"[432, 433]"
534,"[433, 492]"
535,"[552, 551]"
536,"[492, 493]"
537,"[552, 493]"
538,"[611, 612]"
539,"[552, 553]"
540,"[553, 612]"
541,"[672, 671]"
542,"[612, 613]"
543,"[672, 613]"
544,"[731, 732]"
545,"[672, 673]"
546,"[673, 732]"
547,"[792, 791]"
548,"[732, 733]"
549,"[792, 733]"
550,"[851, 852]"
551,"[792, 793]"
552,"[793, 852]"
553,"[912, 911]"
554,"[852, 853]"
555,"[912, 853]"
556,"[971, 972]"
557,"[912, 913]"
558,"[913, 972]"
559,"[1032, 1031]"
560,"[972, 973]"
561,"[1032, 973]"
562,"[1091, 1092]"
563,"[1032, 1033]"
564,"[1033, 1092]"
565,"[1152, 1151]"
566,"[1092, 1093]"
567,"[1152, 1093]"
568,"[1211, 1212]"
569,"[1152, 1153]"
570,"[1153, 1212]"
571,"[1272, 1271]"
572,"[1212, 1213]"
573,"[1272, 1213]"
574,"[1331, 1332]"
575,"[1272, 1273]"
576,"[1273, 1332]"
577,"[1392, 1391]"
578,"[1332, 1333]"
579,"[1392, 1333]"
580,"[1451, 1452]"
581,"[1392, 1393]"
582,"[1393, 1452]"
583,"[1512, 1511]"
584,"[1452, 1453]"
585,"[1512, 1453]"
586,"[1571, 1572]"
587,"[1512, 1513]"
588,"[1513, 1572]"
589,"[1632, 1631]"
590,"[1572, 1573]"
591,"[1632, 1573]"
592,"[1691, 1692]"
593,"[1632, 1633]"
594,"[1633, 1692]"
595,"[1752, 1751]"
596,"[1692, 1693]"
597,"[1752, 1693]"
598,"[1752, 1753]"
599,"[24, 1753]"
600,"[29, 23]"
601,"[26, 27]"
602,"[28, 29]"
603,"[27, 28]"
604,"[133, 134]"
605,"[27, 135]"
606,"[134, 135]"
607,"[193, 194]"
608,"[195, 134]"
609,"[194, 195]"
610,"[253, 254]"
611,"[194, 255]"
612,"[254, 255]"
613,"[313, 314]"
614,"[315, 254]"
615,"[314, 315]"
616,"[373, 374]"
617,"[314, 375]"
618,"[374, 375]"
619,"[433, 434]"
620,"[435, 374]"
621,"[434, 435]"
622,"[493, 494]"
623,"[434, 495]"
624,"[494, 495]"
625,"[553, 554]"
626,"[555, 494]"
627,"[554, 555]"
628,"[613, 614]"
629,"[554, 615]"
630,"[614, 615]"
631,"[673, 674]"
632,"[675, 614]"
633,"[674, 675]"
634,"[733, 734]"
635,"[674, 735]"
636,"[734, 735]"
637,"[793, 794]"
638,"[795, 734]"
639,"[794, 795]"
640,"[853, 854]"
641,"[794, 855]"
642,"[854, 855]"
643,"[913, 914]"
644,"[915, 854]"
645,"[914, 915]"
646,"[973, 974]"
647,"[914, 975]"
648,"[974, 975]"
649,"[1033, 1034]"
650,"[1035, 974]"
651,"[1034, 1035]"
652,"[1093, 1094]"
653,"[1034, 1095]"
654,"[1094, 1095]"
655,"[1153, 1154]"
656,"[1155, 1094]"
657,"[1154, 1155]"
658,"[1213, 1214]"
659,"[1154, 1215]"
660,"[1214, 1215]"
661,"[1273, 1274]"
662,"[1275, 1214]"
663,"[1274, 1275]"
664,"[1333, 1334]"
665,"[1274, 1335]"
666,"[1334, 1335]"
667,"[1393, 1394]"
668,"[1395, 1334]"
669,"[1394, 1395]"
670,"[1453, 1454]"
671,"[1394, 1455]"
672,"[1454, 1455]"
673,"[1513, 1514]"
674,"[1515, 1454]"
675,"[1514, 1515]"
676,"[1573, 1574]"
677,"[1514, 1575]"
678,"[1574, 1575]"
679,"[1633, 1634]"
680,"[1635, 1574]"
681,"[1634, 1635]"
682,"[1693, 1694]"
683,"[1634, 1695]"
684,"[1694, 1695]"
685,"[1753, 1754]"
686,"[1755, 1694]"
687,"[1754, 1755]"
688,"[33, 1754]"
689,"[33, 29]"
690,"[32, 33]"
691,"[28, 30]"
692,"[32, 31]"
693,"[30, 31]"
694,"[136, 135]"
695,"[34, 30]"
696,"[136, 34]"
697,"[195, 196]"
698,"[136, 137]"
699,"[137, 196]"
700,"[256, 255]"
701,"[196, 197]"
702,"[256, 197]"
703,"[315, 316]"
704,"[256, 257]"
705,"[257, 316]"
706,"[376, 375]"
707,"[316, 317]"
708,"[376, 317]"
709,"[435, 436]"
710,"[376, 377]"
711,"[377, 436]"
712,"[496, 495]"
713,"[436, 437]"
714,"[496, 437]"
715,"[555, 556]"
716,"[496, 497]"
717,"[497, 556]"
718,"[616, 615]"
719,"[556, 557]"
720,"[616, 557]"
721,"[675, 676]"
722,"[616, 617]"
723,"[617, 676]"
724,"[736, 735]"
725,"[676, 677]"
726,"[736, 677]"
727,"[795, 796]"
728,"[736, 737]"
729,"[737, 796]"
730,"[856, 855]"
731,"[796, 797]"
732,"[856, 797]"
733,"[915, 916]"
734,"[856, 857]"
735,"[857, 916]"
736,"[976, 975]"
737,"[916, 917]"
738,"[976, 917]"
739,"[1035, 1036]"
740,"[976, 977]"
741,"[977, 1036]"
742,"[1096, 1095]"
743,"[1036, 1037]"
744,"[1096, 1037]"
745,"[1155, 1156]"
746,"[1096, 1097]"
747,"[1097, 1156]"
748,"[1216, 1215]"
749,"[1156, 1157]"
750,"[1216, 1157]"
751,"[1275, 1276]"
752,"[1216, 1217]"
753,"[1217, 1276]"
754,"[1336, 1335]"
755,"[1276, 1277]"
756,"[1336, 1277]"
757,"[1395, 1396]"
758,"[1336, 1337]"
759,"[1337, 1396]"
760,"[1456, 1455]"
761,"[1396, 1397]"
762,"[1456, 1397]"
763,"[1515, 1516]"
764,"[1456, 1457]"
765,"[1457, 1516]"
766,"[1576, 1575]"
767,"[1516, 1517]"
768,"[1576, 1517]"
769,"[1635, 1636]"
770,"[1576, 1577]"
771,"[1577, 1636]"
772,"[1696, 1695]"
773,"[1636, 1637]"
774,"[1696, 1637]"
775,"[1755, 1756]"
776,"[1696, 1697]"
777,"[1697, 1756]"
778,"[1756, 1757]"
779,"[32, 1757]"
780,"[37, 31]"
781,"[34, 35]"
782,"[36, 37]"
783,"[35, 36]"
784,"[137, 138]"
785,"[35, 139]"
786,"[138, 139]"
787,"[197, 198]"
788,"[138, 199]"
789,"[198, 199]"
790,"[257, 258]"
791,"[259, 198]"
792,"[258, 259]"
793,"[317, 318]"
794,"[258, 319]"
795,"[318, 319]"
796,"[377, 378]"
797,"[379, 318]"
798,"[378, 379]"
799,"[437, 438]"
800,"[378, 439]"
801,"[438, 439]"
802,"[497, 498]"
803,"[499, 438]"
804,"[498, 499]"
805,"[557, 558]"
806,"[498, 559]"
807,"[558, 559]"
808,"[617, 618]"
809,"[619, 558]"
810,"[618, 619]"
811,"[677, 678]"
812,"[618, 679]"
813,"[678, 679]"
814,"[737, 738]"
815,"[739, 678]"
816,"[738, 739]"
817,"[797, 798]"
818,"[738, 799]"
819,"[798, 799]"
820,"[857, 858]"
821,"[859, 798]"
822,"[858, 859]"
823,"[917, 918]"
824,"[858, 919]"
825,"[918, 919]"
826,"[977, 978]"
827,"[979, 918]"
828,"[978, 979]"
829,"[1037, 1038]"
830,"[978, 1039]"
831,"[1038, 1039]"
832,"[1097, 1098]"
833,"[1099, 1038]"
834,"[1098, 1099]"
835,"[1157, 1158]"
836,"[1098, 1159]"
837,"[1158, 1159]"
838,"[1217, 1218]"
839,"[1219, 1158]"
840,"[1218, 1219]"
841,"[1277, 1278]"
842,"[1218, 1279]"
843,"[1278, 1279]"
844,"[1337, 1338]"
845,"[1339, 1278]"
846,"[1338, 1339]"
847,"[1397, 1398]"
848,"[1338, 1399]"
849,"[1398, 1399]"
850,"[1457, 1458]"
851,"[1459, 1398]"
852,"[1458, 1459]"
853,"[1517, 1518]"
854,"[1458, 1519]"
855,"[1518, 1519]"
856,"[1577, 1578]"
857,"[1579, 1518]"
858,"[1578, 1579]"
859,"[1637, 1638]"
860,"[1578, 1639]"
861,"[1638, 1639]"
862,"[1697, 1698]"
863,"[1699, 1638]"
864,"[1698, 1699]"
865,"[1757, 1758]"
866,"[1698, 1759]"
867,"[1758, 1759]"
868,"[41, 1758]"
869,"[41, 37]"
870,"[40, 41]"
871,"[36, 38]"
872,"[40, 39]"
873,"[38, 39]"
874,"[139, 140]"
875,"[42, 38]"
876,"[42, 140]"
877,"[200, 199]"
878,"[140, 141]"
879,"[200, 141]"
880,"[259, 260]"
881,"[200, 201]"
882,"[201, 260]"
883,"[320, 319]"
884,"[260, 261]"
885,"[320, 261]"
886,"[379, 380]"
887,"[320, 321]"
888,"[321, 380]"
889,"[440, 439]"
890,"[380, 381]"
891,"[440, 381]"
892,"[499, 500]"
893,"[440, 441]"
894,"[441, 500]"
895,"[560, 559]"
896,"[500, 501]"
897,"[560, 501]"
898,"[619, 620]"
899,"[560, 561]"
900,"[561, 620]"
901,"[680, 679]"
902,"[620, 621]"
903,"[680, 621]"
904,"[739, 740]"
905,"[680, 681]"
906,"[681, 740]"
907,"[800, 799]"
908,"[740, 741]"
909,"[800, 741]"
910,"[859, 860]"
911,"[800, 801]"
912,"[801, 860]"
913,"[920, 919]"
914,"[860, 861]"
915,"[920, 861]"
916,"[979, 980]"
917,"[920, 921]"
918,"[921, 980]"
919,"[1040, 1039]"
920,"[980, 981]"
921,"[1040, 981]"
922,"[1099, 1100]"
923,"[1040, 1041]"
924,"[1041, 1100]"
925,"[1160, 1159]"
926,"[1100, 1101]"
927,"[1160, 1101]"
928,"[1219, 1220]"
929,"[1160, 1161]"
930,"[1161, 1220]"
931,"[1280, 1279]"
932,"[1220, 1221]"
933,"[1280, 1221]"
934,"[1339, 1340]"
935,"[1280, 1281]"
936,"[1281, 1340]"
937,"[1400, 1399]"
938,"[1340, 1341]"
939,"[1400, 1341]"
940,"[1459, 1460]"
941,"[1400, 1401]"
942,"[1401, 1460]"
943,"[1520, 1519]"
944,"[1460, 1461]"
945,"[1520, 1461]"
946,"[1579, 1580]"
947,"[1520, 1521]"
948,"[1521, 1580]"
949,"[1640, 1639]"
950,"[1580, 1581]"
951,"[1640, 1581]"
952,"[1699, 1700]"
953,"[1640, 1641]"
954,"[1641, 1700]"
955,"[1760, 1759]"
956,"[1700, 1701]"
957,"[1760, 1701]"
958,"[1760, 1761]"
959,"[40, 1761]"
960,"[45, 39]"
961,"[42, 43]"
962,"[44, 45]"
963,"[43, 44]"
964,"[141, 142]"
965,"[43, 143]"
966,"[142, 143]"
967,"[201, 202]"
968,"[203, 142]"
969,"[202, 203]"
970,"[261, 262]"
971,"[202, 263]"
972,"[262, 263]"
973,"[321, 322]"
974,"[323, 262]"
975,"[322, 323]"
976,"[381, 382]"
977,"[322, 383]"
978,"[382, 383]"
979,"[441, 442]"
980,"[443, 382]"
981,"[442, 443]"
982,"[501, 502]"
983,"[442, 503]"
984,"[502, 503]"
985,"[561, 562]"
986,"[563, 502]"
987,"[562, 563]"
988,"[621, 622]"
989,"[562, 623]"
990,"[622, 623]"
991,"[681, 682]"
992,"[683, 622]"
993,"[682, 683]"
994,"[741, 742]"
995,"[682, 743]"
996,"[742, 743]"
997,"[801, 802]"
998,"[803, 742]"
999,"[802, 803]"
1000,"[861, 862]"
1001,"[802, 863]"
1002,"[862, 863]"
1003,"[921, 922]"
1004,"[923, 862]"
1005,"[922, 923]"
1006,"[981, 982]"
1007,"[922, 983]"
1008,"[982, 983]"
1009,"[1041, 1042]"
1010,"[1043, 982]"
1011,"[1042, 1043]"
1012,"[1101, 1102]"
1013,"[1042, 1103]"
1014,"[1102, 1103]"
1015,"[1161, 1162]"
1016,"[1163, 1102]"
1017,"[1162, 1163]"
1018,"[1221, 1222]"
1019,"[1162, 1223]"
1020,"[1222, 1223]"
1021,"[1281, 1282]"
1022,"[1283, 1222]"
1023,"[1282, 1283]"
1024,"[1341, 1342]"
1025,"[1282, 1343]"
1026,"[1342, 1343]"
1027,"[1401, 1402]"
1028,"[1403, 1342]"
1029,"[1402, 1403]"
1030,"[1461, 1462]"
1031,"[1402, 1463]"
1032,"[1462, 1463]"
1033,"[1521, 1522]"
1034,"[1523, 1462]"
1035,"[1522, 1523]"
1036,"[1581, 1582]"
1037,"[1522, 1583]"
1038,"[1582, 1583]"
1039,"[1641, 1642]"
1040,"[1643, 1582]"
1041,"[1642, 1643]"
1042,"[1701, 1702]"
1043,"[1642, 1703]"
1044,"[1702, 1703]"
1045,"[1761, 1762]"
1046,"[1763, 1702]"
1047,"[1762, 1763]"
1048,"[49, 1762]"
1049,"[49, 45]"
1050,"[48, 49]"
1051,"[44, 46]"
1052,"[48, 47]"
1053,"[46, 47]"
1054,"[144, 143]"
1055,"[50, 46]"
1056,"[144, 50]"
1057,"[203, 204]"
1058,"[144, 145]"
1059,"[145, 204]"
1060,"[264, 263]"
1061,"[204, 205]"
1062,"[264, 205]"
1063,"[323, 324]"
1064,"[264, 265]"
1065,"[265, 324]"
1066,"[384, 383]"
1067,"[324, 325]"
1068,"[384, 325]"
1069,"[443, 444]"
1070,"[384, 385]"
1071,"[385, 444]"
1072,"[504, 503]"
1073,"[444, 445]"
1074,"[504, 445]"
1075,"[563, 564]"
1076,"[504, 505]"
1077,"[505, 564]"
1078,"[624, 623]"
1079,"[564, 565]"
1080,"[624, 565]"
1081,"[683, 684]"
1082,"[624, 625]"
1083,"[625, 684]"
1084,"[744, 743]"
1085,"[684, 685]"
1086,"[744, 685]"
1087,"[803, 804]"
1088,"[744, 745]"
1089,"[745, 804]"
1090,"[864, 863]"
1091,"[804, 805]"
1092,"[864, 805]"
1093,"[923, 924]"
1094,"[864, 865]"
1095,"[865, 924]"
1096,"[984, 983]"
1097,"[924, 925]"
1098,"[984, 925]"
1099,"[1043, 1044]"
1100,"[984, 985]"
1101,"[985, 1044]"
1102,"[1104, 1103]"
1103,"[1044, 1045]"
1104,"[1104, 1045]"
1105,"[1163, 1164]"
1106,"[1104, 1105]"
1107,"[1105, 1164]"
1108,"[1224, 1223]"
1109,"[1164, 1165]"
1110,"[1224, 1165]"
1111,"[1283, 1284]"
1112,"[1224, 1225]"
1113,"[1225, 1284]"
1114,"[1344, 1343]"
1115,"[1284, 1285]"
1116,"[1344, 1285]"
1117,"[1403, 1404]"
1118,"[1344, 1345]"
1119,"[1345, 1404]"
1120,"[1464, 1463]"
1121,"[1404, 1405]"
1122,"[1464, 1405]"
1123,"[1523, 1524]"
1124,"[1464, 1465]"
1125,"[1465, 1524]"
1126,"[1584, 1583]"
1127,"[1524, 1525]"
1128,"[1584, 1525]"
1129,"[1643, 1644]"
1130,"[1584, 1585]"
1131,"[1585, 1644]"
1132,"[1704, 1703]"
1133,"[1644, 1645]"
1134,"[1704, 1645]"
1135,"[1763, 1764]"
1136,"[1704, 1705]"
1137,"[1705, 1764]"
1138,"[1764, 1765]"
1139,"[48, 1765]"
1140,"[53, 47]"
1141,"[50, 51]"
1142,"[52, 53]"
1143,"[51, 52]"
1144,"[145, 146]"
1145,"[51, 147]"
1146,"[146, 147]"
1147,"[205, 206]"
1148,"[146, 207]"
1149,"[206, 207]"
1150,"[265, 266]"
1151,"[267, 206]"
1152,"[266, 267]"
1153,"[325, 326]"
1154,"[266, 327]"
1155,"[326, 327]"
1156,"[385, 386]"
1157,"[387, 326]"
1158,"[386, 387]"
1159,"[445, 446]"
1160,"[386, 447]"
1161,"[446, 447]"
1162,"[505, 506]"
1163,"[507, 446]"
1164,"[506, 507]"
1165,"[565, 566]"
1166,"[506, 567]"
1167,"[566, 567]"
1168,"[625, 626]"
1169,"[627, 566]"
1170,"[626, 627]"
1171,"[685, 686]"
1172,"[626, 687]"
1173,"[686, 687]"
1174,"[745, 746]"
1175,"[747, 686]"
1176,"[746, 747]"
1177,"[805, 806]"
1178,"[746, 807]"
1179,"[806, 807]"
1180,"[865, 866]"
1181,"[867, 806]"
1182,"[866, 867]"
1183,"[925, 926]"
1184,"[866, 927]"
1185,"[926, 927]"
1186,"[985, 986]"
1187,"[987, 926]"
1188,"[986, 987]"
1189,"[1045, 1046]"
1190,"[986, 1047]"
1191,"[1046, 1047]"
1192,"[1105, 1106]"
1193,"[1107, 1046]"
1194,"[1106, 1107]"
1195,"[1165, 1166]"
1196,"[1106, 1167]"
1197,"[1166, 1167]"
1198,"[1225, 1226]"
1199,"[1227, 1166]"
1200,"[1226, 1227]"
1201,"[1285, 1286]"
1202,"[1226, 1287]"
1203,"[1286, 1287]"
1204,"[1345, 1346]"
1205,"[1347, 1286]"
1206,"[1346, 1347]"
1207,"[1405, 1406]"
1208,"[1346, 1407]"
1209,"[1406, 1407]"
1210,"[1465, 1466]"
1211,"[1467, 1406]"
1212,"[1466, 1467]"
1213,"[1525, 1526]"
1214,"[1466, 1527]"
1215,"[1526, 1527]"
1216,"[1585, 1586]"
1217,"[1587, 1526]"
1218,"[1586, 1587]"
1219,"[1645, 1646]"
1220,"[1586, 1647]"
1221,"[1646, 1647]"
1222,"[1705, 1706]"
1223,"[1707, 1646]"
1224,"[1706, 1707]"
1225,"[1765, 1766]"
1226,"[1706, 1767]"
1227,"[1766, 1767]"
1228,"[57, 1766]"
1229,"[57, 53]"
1230,"[56, 57]"
1231,"[52, 54]"
1232,"[56, 55]"
1233,"[54, 55]"
1234,"[147, 148]"
1235,"[58, 54]"
1236,"[58, 148]"
1237,"[208, 207]"
1238,"[148, 149]"
1239,"[208, 149]"
1240,"[267, 268]"
1241,"[208, 209]"
1242,"[209, 268]"
1243,"[328, 327]"
1244,"[268, 269]"
1245,"[328, 269]"
1246,"[387, 388]"
1247,"[328, 329]"
1248,"[329, 388]"
1249,"[448, 447]"
1250,"[388, 389]"
1251,"[448, 389]"
1252,"[507, 508]"
1253,"[448, 449]"
1254,"[449, 508]"
1255,"[568, 567]"
1256,"[508, 509]"
1257,"[568, 509]"
1258,"[627, 628]"
1259,"[568, 569]"
1260,"[569, 628]"
1261,"[688, 687]"
1262,"[628, 629]"
1263,"[688, 629]"
1264,"[747, 748]"
1265,"[688, 689]"
1266,"[689, 748]"
1267,"[808, 807]"
1268,"[748, 749]"
1269,"[808, 749]"
1270,"[867, 868]"
1271,"[808, 809]"
1272,"[809, 868]"
1273,"[928, 927]"
1274,"[868, 869]"
1275,"[928, 869]"
1276,"[987, 988]"
1277,"[928, 929]"
1278,"[929, 988]"
1279,"[1048, 1047]"
1280,"[988, 989]"
1281,"[1048, 989]"
1282,"[1107, 1108]"
1283,"[1048, 1049]"
1284,"[1049, 1108]"
1285,"[1168, 1167]"
1286,"[1108, 1109]"
1287,"[1168, 1109]"
1288,"[1227, 1228]"
1289,"[1168, 1169]"
1290,"[1169, 1228]"
1291,"[1288, 1287]"
1292,"[1228, 1229]"
1293,"[1288, 1229]"
1294,"[1347, 1348]"
1295,"[1288, 1289]"
1296,"[1289, 1348]"
1297,"[1408, 1407]"
1298,"[1348, 1349]"
1299,"[1408, 1349]"
1300,"[1467, 1468]"
1301,"[1408, 1409]"
1302,"[1409, 1468]"
1303,"[1528, 1527]"
1304,"[1468, 1469]"
1305,"[1528, 1469]"
1306,"[1587, 1588]"
1307,"[1528, 1529]"
1308,"[1529, 1588]"
1309,"[1648, 1647]"
1310,"[1588, 1589]"
1311,"[1648, 1589]"
1312,"[1707, 1708]"
1313,"[1648, 1649]"
1314,"[1649, 1708]"
1315,"[1768, 1767]"
1316,"[1708, 1709]"
1317,"[1768, 1709]"
1318,"[1768, 1769]"
1319,"[56, 1769]"
1320,"[61, 55]"
1321,"[58, 59]"
1322,"[60, 61]"
1323,"[59, 60]"
1324,"[149, 150]"
1325,"[59, 151]"
1326,"[150, 151]"
1327,"[209, 210]"
1328,"[211, 150]"
1329,"[210, 211]"
1330,"[269, 270]"
1331,"[210, 271]"
1332,"[270, 271]"
1333,"[329, 330]"
1334,"[331, 270]"
1335,"[330, 331]"
1336,"[389, 390]"
1337,"[330, 391]"
1338,"[390, 391]"
1339,"[449, 450]"
1340,"[451, 390]"
1341,"[450, 451]"
1342,"[509, 510]"
1343,"[450, 511]"
1344,"[510, 511]"
1345,"[569, 570]"
1346,"[571, 510]"
1347,"[570, 571]"
1348,"[629, 630]"
1349,"[570, 631]"
1350,"[630, 631]"
1351,"[689, 690]"
1352,"[691, 630]"
1353,"[690, 691]"
1354,"[749, 750]"
1355,"[690, 751]"
1356,"[750, 751]"
1357,"[809, 810]"
1358,"[811, 750]"
1359,"[810, 811]"
1360,"[869, 870]"
1361,"[810, 871]"
1362,"[870, 871]"
1363,"[929, 930]"
1364,"[931, 870]"
1365,"[930, 931]"
1366,"[989, 990]"
1367,"[930, 991]"
1368,"[990, 991]"
1369,"[1049, 1050]"
1370,"[1051, 990]"
1371,"[1050, 1051]"
1372,"[1109, 1110]"
1373,"[1050, 1111]"
1374,"[1110, 1111]"
1375,"[1169, 1170]"
1376,"[1171, 1110]"
1377,"[1170, 1171]"
1378,"[1229, 1230]"
1379,"[1170, 1231]"
1380,"[1230, 1231]"
1381,"[1289, 1290]"
1382,"[1291, 1230]"
1383,"[1290, 1291]"
1384,"[1349, 1350]"
1385,"[1290, 1351]"
1386,"[1350, 1351]"
1387,"[1409, 1410]"
1388,"[1411, 1350]"
1389,"[1410, 1411]"
1390,"[1469, 1470]"
1391,"[1410, 1471]"
1392,"[1470, 1471]"
1393,"[1529, 1530]"
1394,"[1531, 1470]"
1395,"[1530, 1531]"
1396,"[1589, 1590]"
1397,"[1530, 1591]"
1398,"[1590, 1591]"
1399,"[1649, 1650]"
1400,"[1651, 1590]"
1401,"[1650, 1651]"
1402,"[1709, 1710]"
1403,"[1650, 1711]"
1404,"[1710, 1711]"
1405,"[1769, 1770]"
1406,"[1771, 1710]"
1407,"[1770, 1771]"
1408,"[65, 1770]"
1409,"[65, 61]"
1410,"[64, 65]"
1411,"[60, 62]"
1412,"[64, 63]"
1413,"[62, 63]"
1414,"[152, 151]"
1415,"[66, 62]"
1416,"[152, 66]"
1417,"[211, 212]"
1418,"[152, 153]"
1419,"[153, 212]"
1420,"[272, 271]"
1421,"[212, 213]"
1422,"[272, 213]"
1423,"[331, 332]"
1424,"[272, 273]"
1425,"[273, 332]"
1426,"[392, 391]"
1427,"[332, 333]"
1428,"[392, 333]"
1429,"[451, 452]"
1430,"[392, 393]"
1431,"[393, 452]"
1432,"[512, 511]"
1433,"[452, 453]"
1434,"[512, 453]"
1435,"[571, 572]"
1436,"[512, 513]"
1437,"[513, 572]"
1438,"[632, 631]"
1439,"[572, 573]"
1440,"[632, 573]"
1441,"[691, 692]"
1442,"[632, 633]"
1443,"[633, 692]"
1444,"[752, 751]"
1445,"[692, 693]"
1446,"[752, 693]"
1447,"[811, 812]"
1448,"[752, 753]"
1449,"[753, 812]"
1450,"[872, 871]"
1451,"[812, 813]"
1452,"[872, 813]"
1453,"[931, 932]"
1454,"[872, 873]"
1455,"[873, 932]"
1456,"[992, 991]"
1457,"[932, 933]"
1458,"[992, 933]"
1459,"[1051, 1052]"
1460,"[992, 993]"
1461,"[993, 1052]"
1462,"[1112, 1111]"
1463,"[1052, 1053]"
1464,"[1112, 1053]"
1465,"[1171, 1172]"
1466,"[1112, 1113]"
1467,"[1113, 1172]"
1468,"[1232, 1231]"
1469,"[1172, 1173]"
1470,"[1232, 1173]"
1471,"[1291, 1292]"
1472,"[1232, 1233]"
1473,"[1233, 1292]"
1474,"[1352, 1351]"
1475,"[1292, 1293]"
1476,"[1352, 1293]"
1477,"[1411, 1412]"
1478,"[1352, 1353]"
1479,"[1353, 1412]"
1480,"[1472, 1471]"
1481,"[1412, 1413]"
1482,"[1472, 1413]"
1483,"[1531, 1532]"
1484,"[1472, 1473]"
1485,"[1473, 1532]"
1486,"[1592, 1591]"
1487,"[1532, 1533]"
1488,"[1592, 1533]"
1489,"[1651, 1652]"
1490,"[1592, 1593]"
1491,"[1593, 1652]"
1492,"[1712, 1711]"
1493,"[1652, 1653]"
1494,"[1712, 1653]"
1495,"[1771, 1772]"
1496,"[1712, 1713]"
1497,"[1713, 1772]"
1498,"[1772, 1773]"
1499,"[64, 1773]"
1500,"[69, 63]"
1501,"[66, 67]"
1502,"[68, 69]"
1503,"[67, 68]"
1504,"[153, 154]"
1505,"[67, 155]"
1506,"[154, 155]"
1507,"[213, 214]"
1508,"[154, 215]"
1509,"[214, 215]"
1510,"[273, 274]"
1511,"[275, 214]"
1512,"[274, 275]"
1513,"[333, 334]"
1514,"[274, 335]"
1515,"[334, 335]"
1516,"[393, 394]"
1517,"[395, 334]"
1518,"[394, 395]"
1519,"[453, 454]"
1520,"[394, 455]"
1521,"[454, 455]"
1522,"[513, 514]"
1523,"[515, 454]"
1524,"[514, 515]"
1525,"[573, 574]"
1526,"[514, 575]"
1527,"[574, 575]"
1528,"[633, 634]"
1529,"[635, 574]"
1530,"[634, 635]"
1531,"[693, 694]"
1532,"[634, 695]"
1533,"[694, 695]"
1534,"[753, 754]"
1535,"[755, 694]"
1536,"[754, 755]"
1537,"[813, 814]"
1538,"[754, 815]"
1539,"[814, 815]"
1540,"[873, 874]"
1541,"[875, 814]"
1542,"[874, 875]"
1543,"[933, 934]"
1544,"[874, 935]"
1545,"[934, 935]"
1546,"[993, 994]"
1547,"[995, 934]"
1548,"[994, 995]"
1549,"[1053, 1054]"
1550,"[994, 1055]"
1551,"[1054, 1055]"
1552,"[1113, 1114]"
1553,"[1115, 1054]"
1554,"[1114, 1115]"
1555,"[1173, 1174]"
1556,"[1114, 1175]"
1557,"[1174, 1175]"
1558,"[1233, 1234]"
1559,"[1235, 1174]"
1560,"[1234, 1235]"
1561,"[1293, 1294]"
1562,"[1234, 1295]"
1563,"[1294, 1295]"
1564,"[1353, 1354]"
1565,"[1355, 1294]"
1566,"[1354, 1355]"
1567,"[1413, 1414]"
1568,"[1354, 1415]"
1569,"[1414, 1415]"
1570,"[1473, 1474]"
1571,"[1475, 1414]"
1572,"[1474, 1475]"
1573,"[1533, 1534]"
1574,"[1474, 1535]"
1575,"[1534, 1535]"
1576,"[1593, 1594]"
1577,"[1595, 1534]"
1578,"[1594, 1595]"
1579,"[1653, 1654]"
1580,"[1594, 1655]"
1581,"[1654, 1655]"
1582,"[1713, 1714]"
1583,"[1715, 1654]"
1584,"[1714, 1715]"
1585,"[1773, 1774]"
1586,"[1714, 1775]"
1587,"[1774, 1775]"
1588,"[73, 1774]"
1589,"[73, 69]"
1590,"[72, 73]"
1591,"[68, 70]"
1592,"[72, 71]"
1593,"[70, 71]"
1594,"[155, 156]"
1595,"[74, 70]"
1596,"[74, 156]"
1597,"[216, 215]"
1598,"[156, 157]"
1599,"[216, 157]"
1600,"[275, 276]"
1601,"[216, 217]"
1602,"[217, 276]"
1603,"[336, 335]"
1604,"[276, 277]"
1605,"[336, 277]"
1606,"[395, 396]"
1607,"[336, 337]"
1608,"[337, 396]"
1609,"[456, 455]"
1610,"[396, 397]"
1611,"[456, 397]"
1612,"[515, 516]"
1613,"[456, 457]"
1614,"[457, 516]"
1615,"[576, 575]"
1616,"[516, 517]"
1617,"[576, 517]"
1618,"[635, 636]"
1619,"[576, 577]"
1620,"[577, 636]"
1621,"[696, 695]"
1622,"[636, 637]"
1623,"[696, 637]"
1624,"[755, 756]"
1625,"[696, 697]"
1626,"[697, 756]"
1627,"[816, 815]"
1628,"[756, 757]"
1629,"[816, 757]"
1630,"[875, 876]"
1631,"[816, 817]"
1632,"[817, 876]"
1633,"[936, 935]"
1634,"[876, 877]"
1635,"[936, 877]"
1636,"[995, 996]"
1637,"[936, 937]"
1638,"[937, 996]"
1639,"[1056, 1055]"
1640,"[996, 997]"
1641,"[1056, 997]"
1642,"[1115, 1116]"
1643,"[1056, 1057]"
1644,"[1057, 1116]"
1645,"[1176, 1175]"
1646,"[1116, 1117]"
1647,"[1176, 1117]"
1648,"[1235, 1236]"
1649,"[1176, 1177]"
1650,"[1177, 1236]"
1651,"[1296, 1295]"
1652,"[1236, 1237]"
1653,"[1296, 1237]"
1654,"[1355, 1356]"
1655,"[1296, 1297]"
1656,"[1297, 1356]"
1657,"[1416, 1415]"
1658,"[1356, 1357]"
1659,"[1416, 1357]"
1660,"[1475, 1476]"
1661,"[1416, 1417]"
1662,"[1417, 1476]"
1663,"[1536, 1535]"
1664,"[1476, 1477]"
1665,"[1536, 1477]"
1666,"[1595, 1596]"
1667,"[1536, 1537]"
1668,"[1537, 1596]"
1669,"[1656, 1655]"
1670,"[1596, 1597]"
1671,"[1656, 1597]"
1672,"[1715, 1716]"
1673,"[1656, 1657]"
1674,"[1657, 1716]"
1675,"[1776, 1775]"
1676,"[1716, 1717]"
1677,"[1776, 1717]"
1678,"[1776, 1777]"
1679,"[72, 1777]"
1680,"[77, 71]"
1681,"[74, 75]"
1682,"[76, 77]"
1683,"[75, 76]"
1684,"[157, 158]"
1685,"[75, 159]"
1686,"[158, 159]"
1687,"[217, 218]"
1688,"[219, 158]"
1689,"[218, 219]"
1690,"[277, 278]"
1691,"[218, 279]"
1692,"[278, 279]"
1693,"[337, 338]"
1694,"[339, 278]"
1695,"[338, 339]"
1696,"[397, 398]"
1697,"[338, 399]"
1698,"[398, 399]"
1699,"[457, 458]"
1700,"[459, 398]"
1701,"[458, 459]"
1702,"[517, 518]"
1703,"[458, 519]"
1704,"[518, 519]"
1705,"[577, 578]"
1706,"[579, 518]"
1707,"[578, 579]"
1708,"[637, 638]"
1709,"[578, 639]"
1710,"[638, 639]"
1711,"[697, 698]"
1712,"[699, 638]"
1713,"[698, 699]"
1714,"[757, 758]"
1715,"[698, 759]"
1716,"[758, 759]"
1717,"[817, 818]"
1718,"[819, 758]"
1719,"[818, 819]"
1720,"[877, 878]"
1721,"[818, 879]"
1722,"[878, 879]"
1723,"[937, 938]"
1724,"[939, 878]"
1725,"[938, 939]"
1726,"[997, 998]"
1727,"[938, 999]"
1728,"[998, 999]"
1729,"[1057, 1058]"
1730,"[1059, 998]"
1731,"[1058, 1059]"
1732,"[1117, 1118]"
1733,"[1058, 1119]"
1734,"[1118, 1119]"
1735,"[1177, 1178]"
1736,"[1179, 1118]"
1737,"[1178, 1179]"
1738,"[1237, 1238]"
1739,"[1178, 1239]"
1740,"[1238, 1239]"
1741,"[1297, 1298]"
1742,"[1299, 1238]"
1743,"[1298, 1299]"
1744,"[1357, 1358]"
1745,"[1298, 1359]"
1746,"[1358, 1359]"
1747,"[1417, 1418]"
1748,"[1419, 1358]"
1749,"[1418, 1419]"
1750,"[1477, 1478]"
1751,"[1418, 1479]"
1752,"[1478, 1479]"
1753,"[1537, 1538]"
1754,"[1539, 1478]"
1755,"[1538, 1539]"
1756,"[1597, 1598]"
1757,"[1538, 1599]"
1758,"[1598, 1599]"
1759,"[1657, 1658]"
1760,"[1659, 1598]"
1761,"[1658, 1659]"
1762,"[1717, 1718]"
1763,"[1658, 1719]"
1764,"[1718, 1719]"
1765,"[1777, 1778]"
1766,"[1779, 1718]"
1767,"[1778, 1779]"
1768,"[81, 1778]"
1769,"[81, 77]"
1770,"[80, 81]"
1771,"[76, 78]"
1772,"[80, 79]"
1773,"[78, 79]"
1774,"[160, 159]"
1775,"[82, 78]"
1776,"[160, 82]"
1777,"[219, 220]"
1778,"[160, 161]"
1779,"[161, 220]"
1780,"[280, 279]"
1781,"[220, 221]"
1782,"[280, 221]"
1783,"[339, 340]"
1784,"[280, 281]"
1785,"[281, 340]"
1786,"[400, 399]"
1787,"[340, 341]"
1788,"[400, 341]"
1789,"[459, 460]"
1790,"[400, 401]"
1791,"[401, 460]"
1792,"[520, 519]"
1793,"[460, 461]"
1794,"[520, 461]"
1795,"[579, 580]"
1796,"[520, 521]"
1797,"[521, 580]"
1798,"[640, 639]"
1799,"[580, 581]"
1800,"[640, 581]"
1801,"[699, 700]"
1802,"[640, 641]"
1803,"[641, 700]"
1804,"[760, 759]"
1805,"[700, 701]"
1806,"[760, 701]"
1807,"[819, 820]"
1808,"[760, 761]"
1809,"[761, 820]"
1810,"[880, 879]"
1811,"[820, 821]"
1812,"[880, 821]"
1813,"[939, 940]"
1814,"[880, 881]"
1815,"[881, 940]"
1816,"[1000, 999]"
1817,"[940, 941]"
1818,"[1000, 941]"
1819,"[1059, 1060]"
1820,"[1000, 1001]"
1821,"[1001, 1060]"
1822,"[1120, 1119]"
1823,"[1060, 1061]"
1824,"[1120, 1061]"
1825,"[1179, 1180]"
1826,"[1120, 1121]"
1827,"[1121, 1180]"
1828,"[1240, 1239]"
1829,"[1180, 1181]"
1830,"[1240, 1181]"
1831,"[1299, 1300]"
1832,"[1240, 1241]"
1833,"[1241, 1300]"
1834,"[1360, 1359]"
1835,"[1300, 1301]"
1836,"[1360, 1301]"
1837,"[1419, 1420]"
1838,"[1360, 1361]"
1839,"[1361, 1420]"
1840,"[1480, 1479]"
1841,"[1420, 1421]"
1842,"[1480, 1421]"
1843,"[1539, 1540]"
1844,"[1480, 1481]"
1845,"[1481, 1540]"
1846,"[1600, 1599]"
1847,"[1540, 1541]"
1848,"[1600, 1541]"
1849,"[1659, 1660]"
1850,"[1600, 1601]"
1851,"[1601, 1660]"
1852,"[1720, 1719]"
1853,"[1660, 1661]"
1854,"[1720, 1661]"
1855,"[1779, 1780]"
1856,"[1720, 1721]"
1857,"[1721, 1780]"
1858,"[1780, 1781]"
1859,"[80, 1781]"
1860,"[85, 79]"
1861,"[82, 83]"
1862,"[84, 85]"
1863,"[83, 84]"
1864,"[161, 162]"
1865,"[83, 163]"
1866,"[162, 163]"
1867,"[221, 222]"
1868,"[162, 223]"
1869,"[222, 223]"
1870,"[281, 282]"
1871,"[283, 222]"
1872,"[282, 283]"
1873,"[341, 342]"
1874,"[282, 343]"
1875,"[342, 343]"
1876,"[401, 402]"
1877,"[403, 342]"
1878,"[402, 403]"
1879,"[461, 462]"
1880,"[402, 463]"
1881,"[462, 463]"
1882,"[521, 522]"
1883,"[523, 462]"
1884,"[522, 523]"
1885,"[581, 582]"
1886,"[522, 583]"
1887,"[582, 583]"
1888,"[641, 642]"
1889,"[643, 582]"
1890,"[642, 643]"
1891,"[701, 702]"
1892,"[642, 703]"
1893,"[702, 703]"
1894,"[761, 762]"
1895,"[763, 702]"
1896,"[762, 763]"
1897,"[821, 822]"
1898,"[762, 823]"
1899,"[822, 823]"
1900,"[881, 882]"
1901,"[883, 822]"
1902,"[882, 883]"
1903,"[941, 942]"
1904,"[882, 943]"
1905,"[942, 943]"
1906,"[1001, 1002]"
1907,"[1003, 942]"
1908,"[1002, 1003]"
1909,"[1061, 1062]"
1910,"[1002, 1063]"
1911,"[1062, 1063]"
1912,"[1121, 1122]"
1913,"[1123, 1062]"
1914,"[1122, 1123]"
1915,"[1181, 1182]"
1916,"[1122, 1183]"
1917,"[1182, 1183]"
1918,"[1241, 1242]"
1919,"[1243, 1182]"
1920,"[1242, 1243]"
1921,"[1301, 1302]"
1922,"[1242, 1303]"
1923,"[1302, 1303]"
1924,"[1361, 1362]"
1925,"[1363, 1302]"
1926,"[1362, 1363]"
1927,"[1421, 1422]"
1928,"[1362, 1423]"
1929,"[1422, 1423]"
1930,"[1481, 1482]"
1931,"[1483, 1422]"
1932,"[1482, 1483]"
1933,"[1541, 1542]"
1934,"[1482, 1543]"
1935,"[1542, 1543]"
1936,"[1601, 1602]"
1937,"[1603, 1542]"
1938,"[1602, 1603]"
1939,"[1661, 1662]"
1940,"[1602, 1663]"
1941,"[1662, 1663]"
1942,"[1721, 1722]"
1943,"[1723, 1662]"
1944,"[1722, 1723]"
1945,"[1781, 1782]"
1946,"[1722, 1783]"
1947,"[1782, 1783]"
1948,"[89, 1782]"
1949,"[89, 85]"
1950,"[88, 89]"
1951,"[84, 86]"
1952,"[88, 87]"
1953,"[86, 87]"
1954,"[163, 164]"
1955,"[90, 86]"
1956,"[90, 164]"
1957,"[224, 223]"
1958,"[164, 165]"
1959,"[224, 165]"
1960,"[283, 284]"
1961,"[224, 225]"
1962,"[225, 284]"
1963,"[344, 343]"
1964,"[284, 285]"
1965,"[344, 285]"
1966,"[403, 404]"
1967,"[344, 345]"
1968,"[345, 404]"
1969,"[464, 463]"
1970,"[404, 405]"
1971,"[464, 405]"
1972,"[523, 524]"
1973,"[464, 465]"
1974,"[465, 524]"
1975,"[584, 583]"
1976,"[524, 525]"
1977,"[584, 525]"
1978,"[643, 644]"
1979,"[584, 585]"
1980,"[585, 644]"
1981,"[704, 703]"
1982,"[644, 645]"
1983,"[704, 645]"
1984,"[763, 764]"
1985,"[704, 705]"
1986,"[705, 764]"
1987,"[824, 823]"
1988,"[764, 765]"
1989,"[824, 765]"
1990,"[883, 884]"
1991,"[824, 825]"
1992,"[825, 884]"
1993,"[944, 943]"
1994,"[884, 885]"
1995,"[944, 885]"
1996,"[1003, 1004]"
1997,"[944, 945]"
1998,"[945, 1004]"
1999,"[1064, 1063]"
2000,"[1004, 1005]"
2001,"[1064, 1005]"
2002,"[1123, 1124]"
2003,"[1064, 1065]"
2004,"[1065, 1124]"
2005,"[1184, 1183]"
2006,"[1124, 1125]"
2007,"[1184, 1125]"
2008,"[1243, 1244]"
2009,"[1184, 1185]"
2010,"[1185, 1244]"
2011,"[1304, 1303]"
2012,"[1244, 1245]"
2013,"[1304, 1245]"
2014,"[1363, 1364]"
2015,"[1304, 1305]"
2016,"[1305, 1364]"
2017,"[1424, 1423]"
2018,"[1364, 1365]"
2019,"[1424, 1365]"
2020,"[1483, 1484]"
2021,"[1424, 1425]"
2022,"[1425, 1484]"
2023,"[1544, 1543]"
2024,"[1484, 1485]"
2025,"[1544, 1485]"
2026,"[1603, 1604]"
2027,"[1544, 1545]"
2028,"[1545, 1604]"
2029,"[1664, 1663]"
2030,"[1604, 1605]"
2031,"[1664, 1605]"
2032,"[1723, 1724]"
2033,"[1664, 1665]"
2034,"[1665, 1724]"
2035,"[1784, 1783]"
2036,"[1724, 1725]"
2037,"[1784, 1725]"
2038,"[1784, 1785]"
2039,"[88, 1785]"
2040,"[93, 87]"
2041,"[90, 91]"
2042,"[92, 93]"
2043,"[91, 92]"
2044,"[165, 166]"
2045,"[91, 167]"
2046,"[166, 167]"
2047,"[225, 226]"
2048,"[227, 166]"
2049,"[226, 227]"
2050,"[285, 286]"
2051,"[226, 287]"
2052,"[286, 287]"
2053,"[345, 346]"
2054,"[347, 286]"
2055,"[346, 347]"
2056,"[405, 406]"
2057,"[346, 407]"
2058,"[406, 407]"
2059,"[465, 466]"
2060,"[467, 406]"
2061,"[466, 467]"
2062,"[525, 526]"
2063,"[466, 527]"
2064,"[526, 527]"
2065,"[585, 586]"
2066,"[587, 526]"
2067,"[586, 587]"
2068,"[645, 646]"
2069,"[586, 647]"
2070,"[646, 647]"
2071,"[705, 706]"
2072,"[707, 646]"
2073,"[706, 707]"
2074,"[765, 766]"
2075,"[706, 767]"
2076,"[766, 767]"
2077,"[825, 826]"
2078,"[827, 766]"
2079,"[826, 827]"
2080,"[885, 886]"
2081,"[826, 887]"
2082,"[886, 887]"
2083,"[945, 946]"
2084,"[947, 886]"
2085,"[946, 947]"
2086,"[1005, 1006]"
2087,"[946, 1007]"
2088,"[1006, 1007]"
2089,"[1065, 1066]"
2090,"[1067, 1006]"
2091,"[1066, 1067]"
2092,"[1125, 1126]"
2093,"[1066, 1127]"
2094,"[1126, 1127]"
2095,"[1185, 1186]"
2096,"[1187, 1126]"
2097,"[1186, 1187]"
2098,"[1245, 1246]"
2099,"[1186, 1247]"
2100,"[1246, 1247]"
2101,"[1305, 1306]"
2102,"[1307, 1246]"
2103,"[1306, 1307]"
2104,"[1365, 1366]"
2105,"[1306, 1367]"
2106,"[1366, 1367]"
2107,"[1425, 1426]"
2108,"[1427, 1366]"
2109,"[1426, 1427]"
2110,"[1485, 1486]"
2111,"[1426, 1487]"
2112,"[1486, 1487]"
2113,"[1545, 1546]"
2114,"[1547, 1486]"
2115,"[1546, 1547]"
2116,"[1605, 1606]"
2117,"[1546, 1607]"
2118,"[1606, 1607]"
2119,"[1665, 1666]"
2120,"[1667, 1606]"
2121,"[1666, 1667]"
2122,"[1725, 1726]"
2123,"[1666, 1727]"
2124,"[1726, 1727]"
2125,"[1785, 1786]"
2126,"[1787, 1726]"
2127,"[1786, 1787]"
2128,"[97, 1786]"
2129,"[97, 93]"
2130,"[96, 97]"
2131,"[92, 94]"
2132,"[96, 95]"
2133,"[94, 95]"
2134,"[168, 167]"
2135,"[98, 94]"
2136,"[168, 98]"
2137,"[227, 228]"
2138,"[168, 169]"
2139,"[169, 228]"
2140,"[288, 287]"
2141,"[228, 229]"
2142,"[288, 229]"
2143,"[347, 348]"
2144,"[288, 289]"
2145,"[289, 348]"
2146,"[408, 407]"
2147,"[348, 349]"
2148,"[408, 349]"
2149,"[467, 468]"
2150,"[408, 409]"
2151,"[409, 468]"
2152,"[528, 527]"
2153,"[468, 469]"
2154,"[528, 469]"
2155,"[587, 588]"
2156,"[528, 529]"
2157,"[529, 588]"
2158,"[648, 647]"
2159,"[588, 589]"
2160,"[648, 589]"
2161,"[707, 708]"
2162,"[648, 649]"
2163,"[649, 708]"
2164,"[768, 767]"
2165,"[708, 709]"
2166,"[768, 709]"
2167,"[827, 828]"
2168,"[768, 769]"
2169,"[769, 828]"
2170,"[888, 887]"
2171,"[828, 829]"
2172,"[888, 829]"
2173,"[947, 948]"
2174,"[888, 889]"
2175,"[889, 948]"
2176,"[1008, 1007]"
2177,"[948, 949]"
2178,"[1008, 949]"
2179,"[1067, 1068]"
2180,"[1008, 1009]"
2181,"[1009, 1068]"
2182,"[1128, 1127]"
2183,"[1068, 1069]"
2184,"[1128, 1069]"
2185,"[1187, 1188]"
2186,"[1128, 1129]"
2187,"[1129, 1188]"
2188,"[1248, 1247]"
2189,"[1188, 1189]"
2190,"[1248, 1189]"
2191,"[1307, 1308]"
2192,"[1248, 1249]"
2193,"[1249, 1308]"
2194,"[1368, 1367]"
2195,"[1308, 1309]"
2196,"[1368, 1309]"
2197,"[1427, 1428]"
2198,"[1368, 1369]"
2199,"[1369, 1428]"
2200,"[1488, 1487]"
2201,"[1428, 1429]"
2202,"[1488, 1429]"
2203,"[1547, 1548]"
2204,"[1488, 1489]"
2205,"[1489, 1548]"
2206,"[1608, 1607]"
2207,"[1548, 1549]"
2208,"[1608, 1549]"
2209,"[1667, 1668]"
2210,"[1608, 1609]"
2211,"[1609, 1668]"
2212,"[1728, 1727]"
2213,"[1668, 1669]"
2214,"[1728, 1669]"
2215,"[1787, 1788]"
2216,"[1728, 1729]"
2217,"[1729, 1788]"
2218,"[1788, 1789]"
2219,"[96, 1789]"
2220,"[101, 95]"
2221,"[98, 99]"
2222,"[100, 101]"
2223,"[99, 100]"
2224,"[169, 170]"
2225,"[99, 171]"
2226,"[170, 171]"
2227,"[229, 230]"
2228,"[170, 231]"
2229,"[230, 231]"
2230,"[289, 290]"
2231,"[291, 230]"
2232,"[290, 291]"
2233,"[349, 350]"
2234,"[290, 351]"
2235,"[350, 351]"
2236,"[409, 410]"
2237,"[411, 350]"
2238,"[410, 411]"
2239,"[469, 470]"
2240,"[410, 471]"
2241,"[470, 471]"
2242,"[529, 530]"
2243,"[531, 470]"
2244,"[530, 531]"
2245,"[589, 590]"
2246,"[530, 591]"
2247,"[590, 591]"
2248,"[649, 650]"
2249,"[651, 590]"
2250,"[650, 651]"
2251,"[709, 710]"
2252,"[650, 711]"
2253,"[710, 711]"
2254,"[769, 770]"
2255,"[771, 710]"
2256,"[770, 771]"
2257,"[829, 830]"
2258,"[770, 831]"
2259,"[830, 831]"
2260,"[889, 890]"
2261,"[891, 830]"
2262,"[890, 891]"
2263,"[949, 950]"
2264,"[890, 951]"
2265,"[950, 951]"
2266,"[1009, 1010]"
2267,"[1011, 950]"
2268,"[1010, 1011]"
2269,"[1069, 1070]"
2270,"[1010, 1071]"
2271,"[1070, 1071]"
2272,"[1129, 1130]"
2273,"[1131, 1070]"
2274,"[1130, 1131]"
2275,"[1189, 1190]"
2276,"[1130, 1191]"
2277,"[1190, 1191]"
2278,"[1249, 1250]"
2279,"[1251, 1190]"
2280,"[1250, 1251]"
2281,"[1309, 1310]"
2282,"[1250, 1311]"
2283,"[1310, 1311]"
2284,"[1369, 1370]"
2285,"[1371, 1310]"
2286,"[1370, 1371]"
2287,"[1429, 1430]"
2288,"[1370, 1431]"
2289,"[1430, 1431]"
2290,"[1489, 1490]"
2291,"[1491, 1430]"
2292,"[1490, 1491]"
2293,"[1549, 1550]"
2294,"[1490, 1551]"
2295,"[1550, 1551]"
2296,"[1609, 1610]"
2297,"[1611, 1550]"
2298,"[1610, 1611]"
2299,"[1669, 1670]"
2300,"[1610, 1671]"
2301,"[1670, 1671]"
2302,"[1729, 1730]"
2303,"[1731, 1670]"
2304,"[1730, 1731]"
2305,"[1789, 1790]"
2306,"[1730, 1791]"
2307,"[1790, 1791]"
2308,"[105, 1790]"
2309,"[105, 101]"
2310,"[104, 105]"
2311,"[100, 102]"
2312,"[104, 103]"
2313,"[102, 103]"
2314,"[171, 172]"
2315,"[106, 102]"
2316,"[106, 172]"
2317,"[232, 231]"
2318,"[172, 173]"
2319,"[232, 173]"
2320,"[291, 292]"
2321,"[232, 233]"
2322,"[233, 292]"
2323,"[352, 351]"
2324,"[292, 293]"
2325,"[352, 293]"
2326,"[411, 412]"
2327,"[352, 353]"
2328,"[353, 412]"
2329,"[472, 471]"
2330,"[412, 413]"
2331,"[472, 413]"
2332,"[531, 532]"
2333,"[472, 473]"
2334,"[473, 532]"
2335,"[592, 591]"
2336,"[532, 533]"
2337,"[592, 533]"
2338,"[651, 652]"
2339,"[592, 593]"
2340,"[593, 652]"
2341,"[712, 711]"
2342,"[652, 653]"
2343,"[712, 653]"
2344,"[771, 772]"
2345,"[712, 713]"
2346,"[713, 772]"
2347,"[832, 831]"
2348,"[772, 773]"
2349,"[832, 773]"
2350,"[891, 892]"
2351,"[832, 833]"
2352,"[833, 892]"
2353,"[952, 951]"
2354,"[892, 893]"
2355,"[952, 893]"
2356,"[1011, 1012]"
2357,"[952, 953]"
2358,"[953, 1012]"
2359,"[1072, 1071]"
2360,"[1012, 1013]"
2361,"[1072, 1013]"
2362,"[1131, 1132]"
2363,"[1072, 1073]"
2364,"[1073, 1132]"
2365,"[1192, 1191]"
2366,"[1132, 1133]"
2367,"[1192, 1133]"
2368,"[1251, 1252]"
2369,"[1192, 1193]"
2370,"[1193, 1252]"
2371,"[1312, 1311]"
2372,"[1252, 1253]"
2373,"[1312, 1253]"
2374,"[1371, 1372]"
2375,"[1312, 1313]"
2376,"[1313, 1372]"
2377,"[1432, 1431]"
2378,"[1372, 1373]"
2379,"[1432, 1373]"
2380,"[1491, 1492]"
2381,"[1432, 1433]"
2382,"[1433, 1492]"
2383,"[1552, 1551]"
2384,"[1492, 1493]"
2385,"[1552, 1493]"
2386,"[1611, 1612]"
2387,"[1552, 1553]"
2388,"[1553, 1612]"
2389,"[1672, 1671]"
2390,"[1612, 1613]"
2391,"[1672, 1613]"
2392,"[1731, 1732]"
2393,"[1672, 1673]"
2394,"[1673, 1732]"
2395,"[1792, 1791]"
2396,"[1732, 1733]"
2397,"[1792, 1733]"
2398,"[1792, 1793]"
2399,"[104, 1793]"
2400,"[109, 103]"
2401,"[106, 107]"
2402,"[108, 109]"
2403,"[107, 108]"
2404,"[173, 174]"
2405,"[107, 175]"
2406,"[174, 175]"
2407,"[233, 234]"
2408,"[235, 174]"
2409,"[234, 235]"
2410,"[293, 294]"
2411,"[234, 295]"
2412,"[294, 295]"
2413,"[353, 354]"
2414,"[355, 294]"
2415,"[354, 355]"
2416,"[413, 414]"
2417,"[354, 415]"
2418,"[414, 415]"
2419,"[473, 474]"
2420,"[475, 414]"
2421,"[474, 475]"
2422,"[533, 534]"
2423,"[474, 535]"
2424,"[534, 535]"
2425,"[593, 594]"
2426,"[595, 534]"
2427,"[594, 595]"
2428,"[653, 654]"
2429,"[594, 655]"
2430,"[654, 655]"
2431,"[713, 714]"
2432,"[715, 654]"
2433,"[714, 715]"
2434,"[773, 774]"
2435,"[714, 775]"
2436,"[774, 775]"
2437,"[833, 834]"
2438,"[835, 774]"
2439,"[834, 835]"
2440,"[893, 894]"
2441,"[834, 895]"
2442,"[894, 895]"
2443,"[953, 954]"
2444,"[955, 894]"
2445,"[954, 955]"
2446,"[1013, 1014]"
2447,"[954, 1015]"
2448,"[1014, 1015]"
2449,"[1073, 1074]"
2450,"[1075, 1014]"
2451,"[1074, 1075]"
2452,"[1133, 1134]"
2453,"[1074, 1135]"
2454,"[1134, 1135]"
2455,"[1193, 1194]"
2456,"[1195, 1134]"
2457,"[1194, 1195]"
2458,"[1253, 1254]"
2459,"[1194, 1255]"
2460,"[1254, 1255]"
2461,"[1313, 1314]"
2462,"[1315, 1254]"
2463,"[1314, 1315]"
2464,"[1373, 1374]"
2465,"[1314, 1375]"
2466,"[1374, 1375]"
2467,"[1433, 1434]"
2468,"[1435, 1374]"
2469,"[1434, 1435]"
2470,"[1493, 1494]"
2471,"[1434, 1495]"
2472,"[1494, 1495]"
2473,"[1553, 1554]"
2474,"[1555, 1494]"
2475,"[1554, 1555]"
2476,"[1613, 1614]"
2477,"[1554, 1615]"
2478,"[1614, 1615]"
2479,"[1673, 1674]"
2480,"[1675, 1614]"
2481,"[1674, 1675]"
2482,"[1733, 1734]"
2483,"[1674, 1735]"
2484,"[1734, 1735]"
2485,"[1793, 1794]"
2486,"[1795, 1734]"
2487,"[1794, 1795]"
2488,"[113, 1794]"
2489,"[113, 109]"
2490,"[112, 113]"
2491,"[108, 110]"
2492,"[112, 111]"
2493,"[110, 111]"
2494,"[176, 175]"
2495,"[114, 110]"
2496,"[176, 114]"
2497,"[235, 236]"
2498,"[176, 177]"
2499,"[177, 236]"
2500,"[296, 295]"
2501,"[236, 237]"
2502,"[296, 237]"
2503,"[355, 356]"
2504,"[296, 297]"
2505,"[297, 356]"
2506,"[416, 415]"
2507,"[356, 357]"
2508,"[416, 357]"
2509,"[475, 476]"
2510,"[416, 417]"
2511,"[417, 476]"
2512,"[536, 535]"
2513,"[476, 477]"
2514,"[536, 477]"
2515,"[595, 596]"
2516,"[536, 537]"
2517,"[537, 596]"
2518,"[656, 655]"
2519,"[596, 597]"
2520,"[656, 597]"
2521,"[715, 716]"
2522,"[656, 657]"
2523,"[657, 716]"
2524,"[776, 775]"
2525,"[716, 717]"
2526,"[776, 717]"
2527,"[835, 836]"
2528,"[776, 777]"
2529,"[777, 836]"
2530,"[896, 895]"
2531,"[836, 837]"
2532,"[896, 837]"
2533,"[955, 956]"
2534,"[896, 897]"
2535,"[897, 956]"
2536,"[1016, 1015]"
2537,"[956, 957]"
2538,"[1016, 957]"
2539,"[1075, 1076]"
2540,"[1016, 1017]"
2541,"[1017, 1076]"
2542,"[1136, 1135]"
2543,"[1076, 1077]"
2544,"[1136, 1077]"
2545,"[1195, 1196]"
2546,"[1136, 1137]"
2547,"[1137, 1196]"
2548,"[1256, 1255]"
2549,"[1196, 1197]"
2550,"[1256, 1197]"
2551,"[1315, 1316]"
2552,"[1256, 1257]"
2553,"[1257, 1316]"
2554,"[1376, 1375]"
2555,"[1316, 1317]"
2556,"[1376, 1317]"
2557,"[1435, 1436]"
2558,"[1376, 1377]"
2559,"[1377, 1436]"
2560,"[1496, 1495]"
2561,"[1436, 1437]"
2562,"[1496, 1437]"
2563,"[1555, 1556]"
2564,"[1496, 1497]"
2565,"[1497, 1556]"
2566,"[1616, 1615]"
2567,"[1556, 1557]"
2568,"[1616, 1557]"
2569,"[1675, 1676]"
2570,"[1616, 1617]"
2571,"[1617, 1676]"
2572,"[1736, 1735]"
2573,"[1676, 1677]"
2574,"[1736, 1677]"
2575,"[1795, 1796]"
2576,"[1736, 1737]"
2577,"[1737, 1796]"
2578,"[1796, 1797]"
2579,"[112, 1797]"
2580,"[117, 111]"
2581,"[114, 115]"
2582,"[116, 117]"
2583,"[115, 116]"
2584,"[177, 178]"
2585,"[115, 179]"
2586,"[178, 179]"
2587,"[237, 238]"
2588,"[178, 239]"
2589,"[238, 239]"
2590,"[297, 298]"
2591,"[299, 238]"
2592,"[298, 299]"
2593,"[357, 358]"
2594,"[298, 359]"
2595,"[358, 359]"
2596,"[417, 418]"
2597,"[419, 358]"
2598,"[418, 419]"
2599,"[477, 478]"
2600,"[418, 479]"
2601,"[478, 479]"
2602,"[537, 538]"
2603,"[539, 478]"
2604,"[538, 539]"
2605,"[597, 598]"
2606,"[538, 599]"
2607,"[598, 599]"
2608,"[657, 658]"
2609,"[659, 598]"
2610,"[658, 659]"
2611,"[717, 718]"
2612,"[658, 719]"
2613,"[718, 719]"
2614,"[777, 778]"
2615,"[779, 718]"
2616,"[778, 779]"
2617,"[837, 838]"
2618,"[778, 839]"
2619,"[838, 839]"
2620,"[897, 898]"
2621,"[899, 838]"
2622,"[898, 899]"
2623,"[957, 958]"
2624,"[898, 959]"
2625,"[958, 959]"
2626,"[1017, 1018]"
2627,"[1019, 958]"
2628,"[1018, 1019]"
2629,"[1077, 1078]"
2630,"[1018, 1079]"
2631,"[1078, 1079]"
2632,"[1137, 1138]"
2633,"[1139, 1078]"
2634,"[1138, 1139]"
2635,"[1197, 1198]"
2636,"[1138, 1199]"
2637,"[1198, 1199]"
2638,"[1257, 1258]"
2639,"[1259, 1198]"
2640,"[1258, 1259]"
2641,"[1317, 1318]"
2642,"[1258, 1319]"
2643,"[1318, 1319]"
2644,"[1377, 1378]"
2645,"[1379, 1318]"
2646,"[1378, 1379]"
2647,"[1437, 1438]"
2648,"[1378, 1439]"
2649,"[1438, 1439]"
2650,"[1497, 1498]"
2651,"[1499, 1438]"
2652,"[1498, 1499]"
2653,"[1557, 1558]"
2654,"[1498, 1559]"
2655,"[1558, 1559]"
2656,"[1617, 1618]"
2657,"[1619, 1558]"
2658,"[1618, 1619]"
2659,"[1677, 1678]"
2660,"[1618, 1679]"
2661,"[1678, 1679]"
2662,"[1737, 1738]"
2663,"[1739, 1678]"
2664,"[1738, 1739]"
2665,"[1797, 1798]"
2666,"[1738, 1799]"
2667,"[1798, 1799]"
2668,"[1798, 119]"
2669,"[117, 119]"
2670,"[118, 119]"
2671,"[0, 116]"
2672,"[120, 179]"
2673,"[180, 239]"
2674,"[240, 299]"
2675,"[300, 359]"
2676,"[360, 419]"
2677,"[420, 479]"
2678,"[480, 539]"
2679,"[540, 599]"
2680,"[600, 659]"
2681,"[660, 719]"
2682,"[720, 779]"
2683,"[780, 839]"
2684,"[840, 899]"
2685,"[900, 959]"
2686,"[960, 1019]"
2687,"[1020, 1079]"
2688,"[1080, 1139]"
2689,"[1140, 1199]"
2690,"[1200, 1259]"
2691,"[1260, 1319]"
2692,"[1320, 1379]"
2693,"[1380, 1439]"
2694,"[1440, 1499]"
2695,"[1500, 1559]"
2696,"[1560, 1619]"
2697,"[1620, 1679]"
2698,"[1680, 1739]"
2699,"[1740, 1799]"
